module	entity_type	qualified_name	line	reason
.repo_studios/scripts/producers/scan_monkey_patches.py	class	.repo_studios.scripts.producers.scan_monkey_patches.Paths	143	missing docstring
.repo_studios/scripts/producers/scan_monkey_patches.py	class	.repo_studios.scripts.producers.scan_monkey_patches.Options	150	missing docstring
.repo_studios/scripts/producers/scan_monkey_patches.py	class	.repo_studios.scripts.producers.scan_monkey_patches.ScanOptions	155	missing docstring
.repo_studios/scripts/producers/scan_monkey_patches.py	class	.repo_studios.scripts.producers.scan_monkey_patches.Finding	166	missing docstring
.repo_studios/scripts/producers/scan_monkey_patches.py	method	.repo_studios.scripts.producers.scan_monkey_patches.Finding.to_dict	183	missing docstring
.repo_studios/scripts/producers/scan_monkey_patches.py	method	.repo_studios.scripts.producers.scan_monkey_patches.ImportResolver.__init__	216	missing docstring
.repo_studios/scripts/producers/scan_monkey_patches.py	method	.repo_studios.scripts.producers.scan_monkey_patches.ImportResolver.visit_Import	221	missing docstring
.repo_studios/scripts/producers/scan_monkey_patches.py	method	.repo_studios.scripts.producers.scan_monkey_patches.ImportResolver.visit_ImportFrom	229	missing docstring
.repo_studios/scripts/producers/scan_monkey_patches.py	method	.repo_studios.scripts.producers.scan_monkey_patches.ScopeTracker.__init__	243	missing docstring
.repo_studios/scripts/producers/scan_monkey_patches.py	method	.repo_studios.scripts.producers.scan_monkey_patches.ScopeTracker.current	246	missing docstring
.repo_studios/scripts/producers/scan_monkey_patches.py	method	.repo_studios.scripts.producers.scan_monkey_patches.ScopeTracker.visit_FunctionDef	256	missing docstring
.repo_studios/scripts/producers/scan_monkey_patches.py	method	.repo_studios.scripts.producers.scan_monkey_patches.ScopeTracker.visit_AsyncFunctionDef	261	missing docstring
.repo_studios/scripts/producers/scan_monkey_patches.py	method	.repo_studios.scripts.producers.scan_monkey_patches.ScopeTracker.visit_ClassDef	266	missing docstring
.repo_studios/scripts/producers/scan_monkey_patches.py	function	.repo_studios.scripts.producers.scan_monkey_patches.read_lines	272	missing docstring
.repo_studios/scripts/producers/scan_monkey_patches.py	function	.repo_studios.scripts.producers.scan_monkey_patches.get_context	279	missing docstring
.repo_studios/scripts/producers/scan_monkey_patches.py	function	.repo_studios.scripts.producers.scan_monkey_patches.get_nearby_comment	286	missing docstring
.repo_studios/scripts/producers/scan_monkey_patches.py	function	.repo_studios.scripts.producers.scan_monkey_patches.is_path_in_tests	305	missing docstring
.repo_studios/scripts/producers/scan_monkey_patches.py	function	.repo_studios.scripts.producers.scan_monkey_patches.top_level_packages_default	314	missing docstring
.repo_studios/scripts/producers/scan_monkey_patches.py	function	.repo_studios.scripts.producers.scan_monkey_patches.base_module_name	333	missing docstring
.repo_studios/scripts/producers/scan_monkey_patches.py	function	.repo_studios.scripts.producers.scan_monkey_patches.dotted_name_from_attribute	339	missing docstring
.repo_studios/scripts/producers/scan_monkey_patches.py	function	.repo_studios.scripts.producers.scan_monkey_patches.is_alias_external	352	missing docstring
.repo_studios/scripts/producers/scan_monkey_patches.py	function	.repo_studios.scripts.producers.scan_monkey_patches.classify_intent	361	missing docstring
.repo_studios/scripts/producers/scan_monkey_patches.py	function	.repo_studios.scripts.producers.scan_monkey_patches.add_git_blame	379	missing docstring
.repo_studios/scripts/producers/scan_monkey_patches.py	class	.repo_studios.scripts.producers.scan_monkey_patches.MonkeyPatchScanner	417	missing docstring
.repo_studios/scripts/producers/scan_monkey_patches.py	method	.repo_studios.scripts.producers.scan_monkey_patches.MonkeyPatchScanner.__init__	418	missing docstring
.repo_studios/scripts/producers/scan_monkey_patches.py	method	.repo_studios.scripts.producers.scan_monkey_patches.MonkeyPatchScanner.generic_visit	437	missing docstring
.repo_studios/scripts/producers/scan_monkey_patches.py	method	.repo_studios.scripts.producers.scan_monkey_patches.MonkeyPatchScanner.visit_Assign	445	missing docstring
.repo_studios/scripts/producers/scan_monkey_patches.py	method	.repo_studios.scripts.producers.scan_monkey_patches.MonkeyPatchScanner.visit_AnnAssign	449	missing docstring
.repo_studios/scripts/producers/scan_monkey_patches.py	method	.repo_studios.scripts.producers.scan_monkey_patches.MonkeyPatchScanner.visit_AugAssign	453	missing docstring
.repo_studios/scripts/producers/scan_monkey_patches.py	method	.repo_studios.scripts.producers.scan_monkey_patches.MonkeyPatchScanner.visit_Call	457	missing docstring
.repo_studios/scripts/producers/scan_monkey_patches.py	method	.repo_studios.scripts.producers.scan_monkey_patches.MonkeyPatchScanner.visit_Delete	519	missing docstring
.repo_studios/scripts/producers/scan_monkey_patches.py	method	.repo_studios.scripts.producers.scan_monkey_patches.MonkeyPatchScanner.visit_FunctionDef	534	missing docstring
.repo_studios/scripts/producers/scan_monkey_patches.py	method	.repo_studios.scripts.producers.scan_monkey_patches.MonkeyPatchScanner.visit_ClassDef	550	missing docstring
.repo_studios/scripts/producers/scan_monkey_patches.py	function	.repo_studios.scripts.producers.scan_monkey_patches.scan_file	747	missing docstring
.repo_studios/scripts/producers/scan_monkey_patches.py	function	.repo_studios.scripts.producers.scan_monkey_patches.iter_python_files	806	missing docstring
.repo_studios/scripts/producers/scan_monkey_patches.py	function	.repo_studios.scripts.producers.scan_monkey_patches.augment_findings_with_git	832	missing docstring
.repo_studios/scripts/producers/scan_monkey_patches.py	function	.repo_studios.scripts.producers.scan_monkey_patches.summarize_findings	848	missing docstring
.repo_studios/scripts/producers/scan_monkey_patches.py	function	.repo_studios.scripts.producers.scan_monkey_patches.compose_payload	858	missing docstring
.repo_studios/scripts/producers/scan_monkey_patches.py	function	.repo_studios.scripts.producers.scan_monkey_patches.render_markdown_report	904	missing docstring
.repo_studios/scripts/producers/scan_monkey_patches.py	function	.repo_studios.scripts.producers.scan_monkey_patches.render_log	950	missing docstring
.repo_studios/scripts/producers/scan_monkey_patches.py	function	.repo_studios.scripts.producers.scan_monkey_patches.ensure_run_directory	967	missing docstring
.repo_studios/scripts/producers/scan_monkey_patches.py	function	.repo_studios.scripts.producers.scan_monkey_patches.write_artifacts	1067	missing docstring
.repo_studios/scripts/producers/scan_monkey_patches.py	function	.repo_studios.scripts.producers.scan_monkey_patches.prune_history	1110	missing docstring
.repo_studios/scripts/producers/scan_monkey_patches.py	function	.repo_studios.scripts.producers.scan_monkey_patches.scan_repository	1123	missing docstring
.repo_studios/scripts/producers/scan_monkey_patches.py	function	.repo_studios.scripts.producers.scan_monkey_patches.run_self_test	1151	missing docstring
.repo_studios/scripts/producers/scan_monkey_patches.py	function	.repo_studios.scripts.producers.scan_monkey_patches.parse_args	1222	missing docstring
.repo_studios/scripts/producers/scan_monkey_patches.py	function	.repo_studios.scripts.producers.scan_monkey_patches.configure_logging	1283	missing docstring
.repo_studios/scripts/producers/scan_monkey_patches.py	function	.repo_studios.scripts.producers.scan_monkey_patches.build_paths	1287	missing docstring
.repo_studios/scripts/producers/scan_monkey_patches.py	function	.repo_studios.scripts.producers.scan_monkey_patches.run	1291	missing docstring
.repo_studios/scripts/producers/scan_monkey_patches.py	function	.repo_studios.scripts.producers.scan_monkey_patches.main	1356	missing docstring
.repo_studios/scripts/producers/validate_inventory.py	class	.repo_studios.scripts.producers.validate_inventory.ValidationIssue	81	missing docstring
.repo_studios/scripts/producers/validate_inventory.py	method	.repo_studios.scripts.producers.validate_inventory.ValidationIssue.to_dict	87	missing docstring
.repo_studios/scripts/producers/validate_inventory.py	class	.repo_studios.scripts.producers.validate_inventory.ValidationReport	101	missing docstring
.repo_studios/scripts/producers/validate_inventory.py	method	.repo_studios.scripts.producers.validate_inventory.ValidationReport.add	104	missing docstring
.repo_studios/scripts/producers/validate_inventory.py	method	.repo_studios.scripts.producers.validate_inventory.ValidationReport.errors	108	missing docstring
.repo_studios/scripts/producers/validate_inventory.py	method	.repo_studios.scripts.producers.validate_inventory.ValidationReport.warnings	112	missing docstring
.repo_studios/scripts/producers/validate_inventory.py	method	.repo_studios.scripts.producers.validate_inventory.ValidationReport.to_json	115	missing docstring
.repo_studios/scripts/producers/validate_inventory.py	class	.repo_studios.scripts.producers.validate_inventory.ValidationStats	120	missing docstring
.repo_studios/scripts/producers/validate_inventory.py	method	.repo_studios.scripts.producers.validate_inventory.ValidationStats.to_dict	124	missing docstring
.repo_studios/scripts/producers/validate_inventory.py	class	.repo_studios.scripts.producers.validate_inventory.EnumRegistry	132	missing docstring
.repo_studios/scripts/producers/validate_inventory.py	method	.repo_studios.scripts.producers.validate_inventory.EnumRegistry.load	136	missing docstring
.repo_studios/scripts/producers/validate_inventory.py	method	.repo_studios.scripts.producers.validate_inventory.EnumRegistry.ensure	144	missing docstring
.repo_studios/scripts/producers/validate_inventory.py	class	.repo_studios.scripts.producers.validate_inventory.ValidatorConfig	165	missing docstring
.repo_studios/scripts/producers/validate_inventory.py	method	.repo_studios.scripts.producers.validate_inventory.ValidatorConfig.load	172	missing docstring
.repo_studios/scripts/producers/validate_inventory.py	method	.repo_studios.scripts.producers.validate_inventory.ValidatorConfig.is_suppressed	191	missing docstring
.repo_studios/scripts/producers/validate_inventory.py	function	.repo_studios.scripts.producers.validate_inventory.prune_old_runs	224	missing docstring
.repo_studios/scripts/producers/validate_inventory.py	function	.repo_studios.scripts.producers.validate_inventory.update_latest_artifacts	242	missing docstring
.repo_studios/scripts/producers/validate_inventory.py	function	.repo_studios.scripts.producers.validate_inventory.iterate_inventory_files	277	missing docstring
.repo_studios/scripts/producers/validate_inventory.py	function	.repo_studios.scripts.producers.validate_inventory.validate_record	389	missing docstring
.repo_studios/scripts/producers/validate_inventory.py	function	.repo_studios.scripts.producers.validate_inventory.validate_file	405	missing docstring
.repo_studios/scripts/producers/validate_inventory.py	function	.repo_studios.scripts.producers.validate_inventory.render_markdown	445	missing docstring
.repo_studios/scripts/producers/validate_inventory.py	function	.repo_studios.scripts.producers.validate_inventory.render_log	464	missing docstring
.repo_studios/scripts/producers/validate_inventory.py	function	.repo_studios.scripts.producers.validate_inventory.write_run_artifacts	482	missing docstring
.repo_studios/scripts/producers/validate_inventory.py	function	.repo_studios.scripts.producers.validate_inventory.compose_payload	489	missing docstring
.repo_studios/scripts/producers/validate_inventory.py	function	.repo_studios.scripts.producers.validate_inventory.compose_raw_payload	527	missing docstring
.repo_studios/scripts/producers/validate_inventory.py	function	.repo_studios.scripts.producers.validate_inventory.build_parser	541	missing docstring
.repo_studios/scripts/producers/validate_inventory.py	class	.repo_studios.scripts.producers.validate_inventory.Paths	566	missing docstring
.repo_studios/scripts/producers/validate_inventory.py	class	.repo_studios.scripts.producers.validate_inventory.BasePaths	575	missing docstring
.repo_studios/scripts/producers/validate_inventory.py	class	.repo_studios.scripts.producers.validate_inventory.Options	582	missing docstring
.repo_studios/scripts/producers/validate_inventory.py	class	.repo_studios.scripts.producers.validate_inventory.KeepOptions	617	missing docstring
.repo_studios/scripts/producers/validate_inventory.py	function	.repo_studios.scripts.producers.validate_inventory.build_paths	642	missing docstring
.repo_studios/scripts/producers/validate_inventory.py	function	.repo_studios.scripts.producers.validate_inventory.build_options	680	missing docstring
.repo_studios/scripts/producers/validate_inventory.py	function	.repo_studios.scripts.producers.validate_inventory.main	690	missing docstring
.repo_studios/scripts/producers/generate_anchor_inventory.py	class	.repo_studios.scripts.producers.generate_anchor_inventory.Paths	57	missing docstring
.repo_studios/scripts/producers/generate_anchor_inventory.py	class	.repo_studios.scripts.producers.generate_anchor_inventory.Options	64	missing docstring
.repo_studios/scripts/producers/generate_anchor_inventory.py	function	.repo_studios.scripts.producers.generate_anchor_inventory.slugify	91	missing docstring
.repo_studios/scripts/producers/generate_anchor_inventory.py	function	.repo_studios.scripts.producers.generate_anchor_inventory.iter_markdown_files	100	missing docstring
.repo_studios/scripts/producers/generate_anchor_inventory.py	class	.repo_studios.scripts.producers.generate_anchor_inventory.SlugStat	108	missing docstring
.repo_studios/scripts/producers/generate_anchor_inventory.py	class	.repo_studios.scripts.producers.generate_anchor_inventory.DocumentSummary	120	missing docstring
.repo_studios/scripts/producers/generate_anchor_inventory.py	method	.repo_studios.scripts.producers.generate_anchor_inventory.DocumentSummary.heading_count	126	missing docstring
.repo_studios/scripts/producers/generate_anchor_inventory.py	method	.repo_studios.scripts.producers.generate_anchor_inventory.DocumentSummary.unique_slugs	129	missing docstring
.repo_studios/scripts/producers/generate_anchor_inventory.py	method	.repo_studios.scripts.producers.generate_anchor_inventory.DocumentSummary.duplicate_slugs	132	missing docstring
.repo_studios/scripts/producers/generate_anchor_inventory.py	method	.repo_studios.scripts.producers.generate_anchor_inventory.DocumentSummary.missing_h1	135	missing docstring
.repo_studios/scripts/producers/generate_anchor_inventory.py	method	.repo_studios.scripts.producers.generate_anchor_inventory.DocumentSummary.missing_h2	138	missing docstring
.repo_studios/scripts/producers/generate_anchor_inventory.py	function	.repo_studios.scripts.producers.generate_anchor_inventory.collect	208	missing docstring
.repo_studios/scripts/producers/generate_anchor_inventory.py	function	.repo_studios.scripts.producers.generate_anchor_inventory.parse_args	238	missing docstring
.repo_studios/scripts/producers/generate_anchor_inventory.py	function	.repo_studios.scripts.producers.generate_anchor_inventory.extract_test_allowlist_size	276	missing docstring
.repo_studios/scripts/producers/generate_anchor_inventory.py	function	.repo_studios.scripts.producers.generate_anchor_inventory.build_summary	296	missing docstring
.repo_studios/scripts/producers/generate_anchor_inventory.py	function	.repo_studios.scripts.producers.generate_anchor_inventory.build_cross_file_duplicates	327	missing docstring
.repo_studios/scripts/producers/generate_anchor_inventory.py	function	.repo_studios.scripts.producers.generate_anchor_inventory.build_cross_file_membership	333	missing docstring
.repo_studios/scripts/producers/generate_anchor_inventory.py	function	.repo_studios.scripts.producers.generate_anchor_inventory.build_document_payload	343	missing docstring
.repo_studios/scripts/producers/generate_anchor_inventory.py	function	.repo_studios.scripts.producers.generate_anchor_inventory.build_report	368	missing docstring
.repo_studios/scripts/producers/generate_anchor_inventory.py	function	.repo_studios.scripts.producers.generate_anchor_inventory.render_markdown	398	missing docstring
.repo_studios/scripts/producers/generate_anchor_inventory.py	function	.repo_studios.scripts.producers.generate_anchor_inventory.render_tsv	499	missing docstring
.repo_studios/scripts/producers/generate_anchor_inventory.py	function	.repo_studios.scripts.producers.generate_anchor_inventory.render_documents_csv	508	missing docstring
.repo_studios/scripts/producers/generate_anchor_inventory.py	function	.repo_studios.scripts.producers.generate_anchor_inventory.emit_summary_log	539	missing docstring
.repo_studios/scripts/producers/generate_anchor_inventory.py	function	.repo_studios.scripts.producers.generate_anchor_inventory.load_allow_set	583	missing docstring
.repo_studios/scripts/producers/generate_anchor_inventory.py	function	.repo_studios.scripts.producers.generate_anchor_inventory.maybe_write_legacy_json	602	missing docstring
.repo_studios/scripts/producers/generate_anchor_inventory.py	function	.repo_studios.scripts.producers.generate_anchor_inventory.run	610	missing docstring
.repo_studios/scripts/producers/generate_anchor_inventory.py	function	.repo_studios.scripts.producers.generate_anchor_inventory.main	718	missing docstring
.repo_studios/command_center/scripts/aggregators/scan_duplicates.py	function	.repo_studios.command_center.scripts.aggregators.scan_duplicates.parse_args	169	missing docstring
.repo_studios/command_center/scripts/aggregators/scan_duplicates.py	function	.repo_studios.command_center.scripts.aggregators.scan_duplicates.configure_logging	231	missing docstring
.repo_studios/command_center/scripts/aggregators/scan_duplicates.py	function	.repo_studios.command_center.scripts.aggregators.scan_duplicates.build_paths	235	missing docstring
.repo_studios/command_center/scripts/aggregators/scan_duplicates.py	function	.repo_studios.command_center.scripts.aggregators.scan_duplicates.build_options	256	missing docstring
.repo_studios/command_center/scripts/aggregators/scan_duplicates.py	function	.repo_studios.command_center.scripts.aggregators.scan_duplicates.orchestrate_upstream	338	missing docstring
.repo_studios/command_center/scripts/aggregators/scan_duplicates.py	method	.repo_studios.command_center.scripts.aggregators.scan_duplicates.FunctionExtractor.__init__	369	missing docstring
.repo_studios/command_center/scripts/aggregators/scan_duplicates.py	method	.repo_studios.command_center.scripts.aggregators.scan_duplicates.FunctionExtractor.visit_FunctionDef	376	missing docstring
.repo_studios/command_center/scripts/aggregators/scan_duplicates.py	method	.repo_studios.command_center.scripts.aggregators.scan_duplicates.FunctionExtractor.visit_AsyncFunctionDef	380	missing docstring
.repo_studios/command_center/scripts/aggregators/scan_duplicates.py	function	.repo_studios.command_center.scripts.aggregators.scan_duplicates.scan_python_files	431	missing docstring
.repo_studios/command_center/scripts/aggregators/scan_duplicates.py	function	.repo_studios.command_center.scripts.aggregators.scan_duplicates.extract_functions_from_file	445	missing docstring
.repo_studios/command_center/scripts/aggregators/scan_duplicates.py	function	.repo_studios.command_center.scripts.aggregators.scan_duplicates.compute_ast_similarity	457	missing docstring
.repo_studios/command_center/scripts/aggregators/scan_duplicates.py	function	.repo_studios.command_center.scripts.aggregators.scan_duplicates.group_duplicates	494	missing docstring
.repo_studios/command_center/scripts/aggregators/scan_duplicates.py	function	.repo_studios.command_center.scripts.aggregators.scan_duplicates.build_duplicate_groups	527	missing docstring
.repo_studios/command_center/scripts/aggregators/scan_duplicates.py	function	.repo_studios.command_center.scripts.aggregators.scan_duplicates.locate_analysis	578	missing docstring
.repo_studios/command_center/scripts/aggregators/scan_duplicates.py	function	.repo_studios.command_center.scripts.aggregators.scan_duplicates.load_source_duplicates	593	missing docstring
.repo_studios/command_center/scripts/aggregators/scan_duplicates.py	function	.repo_studios.command_center.scripts.aggregators.scan_duplicates.merge_duplicates	621	missing docstring
.repo_studios/command_center/scripts/aggregators/scan_duplicates.py	function	.repo_studios.command_center.scripts.aggregators.scan_duplicates.generate_summary	758	missing docstring
.repo_studios/command_center/scripts/aggregators/scan_duplicates.py	function	.repo_studios.command_center.scripts.aggregators.scan_duplicates.scan_target	827	missing docstring
.repo_studios/command_center/scripts/aggregators/scan_duplicates.py	function	.repo_studios.command_center.scripts.aggregators.scan_duplicates.compose_payload	844	missing docstring
.repo_studios/command_center/scripts/aggregators/scan_duplicates.py	class	.repo_studios.command_center.scripts.aggregators.scan_duplicates.RunPaths	867	missing docstring
.repo_studios/command_center/scripts/aggregators/scan_duplicates.py	function	.repo_studios.command_center.scripts.aggregators.scan_duplicates.initialise_run_paths	872	missing docstring
.repo_studios/command_center/scripts/aggregators/scan_duplicates.py	function	.repo_studios.command_center.scripts.aggregators.scan_duplicates.write_outputs	887	missing docstring
.repo_studios/command_center/scripts/aggregators/scan_duplicates.py	function	.repo_studios.command_center.scripts.aggregators.scan_duplicates.apply_retention	919	missing docstring
.repo_studios/command_center/scripts/aggregators/scan_duplicates.py	function	.repo_studios.command_center.scripts.aggregators.scan_duplicates.run	941	missing docstring
.repo_studios/command_center/scripts/aggregators/scan_duplicates.py	function	.repo_studios.command_center.scripts.aggregators.scan_duplicates.main	987	missing docstring
.repo_studios/scripts/producers/scan_code_placeholders.py	class	.repo_studios.scripts.producers.scan_code_placeholders.Paths	65	missing docstring
.repo_studios/scripts/producers/scan_code_placeholders.py	class	.repo_studios.scripts.producers.scan_code_placeholders.ScanOptions	72	missing docstring
.repo_studios/scripts/producers/scan_code_placeholders.py	class	.repo_studios.scripts.producers.scan_code_placeholders.Options	82	missing docstring
.repo_studios/scripts/producers/scan_code_placeholders.py	class	.repo_studios.scripts.producers.scan_code_placeholders.PlaceholderRecord	115	missing docstring
.repo_studios/scripts/producers/scan_code_placeholders.py	method	.repo_studios.scripts.producers.scan_code_placeholders.PlaceholderRecord.to_dict	122	missing docstring
.repo_studios/scripts/producers/scan_code_placeholders.py	function	.repo_studios.scripts.producers.scan_code_placeholders.parse_args	132	missing docstring
.repo_studios/scripts/producers/scan_code_placeholders.py	function	.repo_studios.scripts.producers.scan_code_placeholders.build_paths	183	missing docstring
.repo_studios/scripts/producers/scan_code_placeholders.py	function	.repo_studios.scripts.producers.scan_code_placeholders.load_allowlist	187	missing docstring
.repo_studios/scripts/producers/scan_code_placeholders.py	function	.repo_studios.scripts.producers.scan_code_placeholders.normalize_patterns	211	missing docstring
.repo_studios/scripts/producers/scan_code_placeholders.py	function	.repo_studios.scripts.producers.scan_code_placeholders.normalize_extensions	218	missing docstring
.repo_studios/scripts/producers/scan_code_placeholders.py	function	.repo_studios.scripts.producers.scan_code_placeholders.normalize_exclude_prefixes	228	missing docstring
.repo_studios/scripts/producers/scan_code_placeholders.py	function	.repo_studios.scripts.producers.scan_code_placeholders.compile_pattern_regex	254	missing docstring
.repo_studios/scripts/producers/scan_code_placeholders.py	function	.repo_studios.scripts.producers.scan_code_placeholders.scan_placeholders	261	missing docstring
.repo_studios/scripts/producers/scan_code_placeholders.py	function	.repo_studios.scripts.producers.scan_code_placeholders.compose_payload	326	missing docstring
.repo_studios/scripts/producers/scan_code_placeholders.py	function	.repo_studios.scripts.producers.scan_code_placeholders.render_markdown_report	358	missing docstring
.repo_studios/scripts/producers/scan_code_placeholders.py	function	.repo_studios.scripts.producers.scan_code_placeholders.render_log	388	missing docstring
.repo_studios/scripts/producers/scan_code_placeholders.py	function	.repo_studios.scripts.producers.scan_code_placeholders.ensure_run_directory	404	missing docstring
.repo_studios/scripts/producers/scan_code_placeholders.py	function	.repo_studios.scripts.producers.scan_code_placeholders.write_artifacts	410	missing docstring
.repo_studios/scripts/producers/scan_code_placeholders.py	function	.repo_studios.scripts.producers.scan_code_placeholders.prune_history	447	missing docstring
.repo_studios/scripts/producers/scan_code_placeholders.py	function	.repo_studios.scripts.producers.scan_code_placeholders.configure_logging	459	missing docstring
.repo_studios/scripts/producers/scan_code_placeholders.py	function	.repo_studios.scripts.producers.scan_code_placeholders.run	463	missing docstring
.repo_studios/scripts/producers/scan_code_placeholders.py	function	.repo_studios.scripts.producers.scan_code_placeholders.main	503	missing docstring
.repo_studios/scripts/producers/seed_standards_prompts.py	class	.repo_studios.scripts.producers.seed_standards_prompts.Paths	51	missing docstring
.repo_studios/scripts/producers/seed_standards_prompts.py	class	.repo_studios.scripts.producers.seed_standards_prompts.Options	58	missing docstring
.repo_studios/scripts/producers/seed_standards_prompts.py	class	.repo_studios.scripts.producers.seed_standards_prompts.KeepOptions	89	missing docstring
.repo_studios/scripts/producers/seed_standards_prompts.py	function	.repo_studios.scripts.producers.seed_standards_prompts.parse_args	99	missing docstring
.repo_studios/scripts/producers/seed_standards_prompts.py	function	.repo_studios.scripts.producers.seed_standards_prompts.configure_logging	144	missing docstring
.repo_studios/scripts/producers/seed_standards_prompts.py	function	.repo_studios.scripts.producers.seed_standards_prompts.build_paths	148	missing docstring
.repo_studios/scripts/producers/seed_standards_prompts.py	function	.repo_studios.scripts.producers.seed_standards_prompts.build_options	152	missing docstring
.repo_studios/scripts/producers/seed_standards_prompts.py	function	.repo_studios.scripts.producers.seed_standards_prompts.load_index	166	missing docstring
.repo_studios/scripts/producers/seed_standards_prompts.py	function	.repo_studios.scripts.producers.seed_standards_prompts.build_seed	174	missing docstring
.repo_studios/scripts/producers/seed_standards_prompts.py	function	.repo_studios.scripts.producers.seed_standards_prompts.summarize_seed	199	missing docstring
.repo_studios/scripts/producers/seed_standards_prompts.py	function	.repo_studios.scripts.producers.seed_standards_prompts.render_seed	227	missing docstring
.repo_studios/scripts/producers/seed_standards_prompts.py	function	.repo_studios.scripts.producers.seed_standards_prompts.ensure_run_directory	244	missing docstring
.repo_studios/scripts/producers/seed_standards_prompts.py	function	.repo_studios.scripts.producers.seed_standards_prompts.write_seed_files	250	missing docstring
.repo_studios/scripts/producers/seed_standards_prompts.py	function	.repo_studios.scripts.producers.seed_standards_prompts.render_markdown_report	265	missing docstring
.repo_studios/scripts/producers/seed_standards_prompts.py	function	.repo_studios.scripts.producers.seed_standards_prompts.render_log	297	missing docstring
.repo_studios/scripts/producers/seed_standards_prompts.py	function	.repo_studios.scripts.producers.seed_standards_prompts.write_artifacts	330	missing docstring
.repo_studios/scripts/producers/seed_standards_prompts.py	function	.repo_studios.scripts.producers.seed_standards_prompts.prune_history	349	missing docstring
.repo_studios/scripts/producers/seed_standards_prompts.py	function	.repo_studios.scripts.producers.seed_standards_prompts.emit_legacy_output	362	missing docstring
.repo_studios/scripts/producers/seed_standards_prompts.py	function	.repo_studios.scripts.producers.seed_standards_prompts.compose_payload	375	missing docstring
.repo_studios/scripts/producers/seed_standards_prompts.py	function	.repo_studios.scripts.producers.seed_standards_prompts.run	400	missing docstring
.repo_studios/scripts/producers/seed_standards_prompts.py	function	.repo_studios.scripts.producers.seed_standards_prompts.main	439	missing docstring
.repo_studios/command_center/scripts/producers/generate_commandview_inventory.py	class	.repo_studios.command_center.scripts.producers.generate_commandview_inventory.Paths	739	missing docstring
.repo_studios/command_center/scripts/producers/generate_commandview_inventory.py	class	.repo_studios.command_center.scripts.producers.generate_commandview_inventory.Options	747	missing docstring
.repo_studios/command_center/scripts/producers/generate_commandview_inventory.py	class	.repo_studios.command_center.scripts.producers.generate_commandview_inventory.CoverageInfo	754	missing docstring
.repo_studios/command_center/scripts/producers/generate_commandview_inventory.py	class	.repo_studios.command_center.scripts.producers.generate_commandview_inventory.CoverageIndex	761	missing docstring
.repo_studios/command_center/scripts/producers/generate_commandview_inventory.py	method	.repo_studios.command_center.scripts.producers.generate_commandview_inventory.CoverageIndex.__init__	762	missing docstring
.repo_studios/command_center/scripts/producers/generate_commandview_inventory.py	method	.repo_studios.command_center.scripts.producers.generate_commandview_inventory.CoverageIndex.register	769	missing docstring
.repo_studios/command_center/scripts/producers/generate_commandview_inventory.py	method	.repo_studios.command_center.scripts.producers.generate_commandview_inventory.CoverageIndex.get	796	missing docstring
.repo_studios/command_center/scripts/producers/generate_commandview_inventory.py	function	.repo_studios.command_center.scripts.producers.generate_commandview_inventory.parse_args	809	missing docstring
.repo_studios/command_center/scripts/producers/generate_commandview_inventory.py	function	.repo_studios.command_center.scripts.producers.generate_commandview_inventory.build_paths	854	missing docstring
.repo_studios/command_center/scripts/producers/generate_commandview_inventory.py	function	.repo_studios.command_center.scripts.producers.generate_commandview_inventory.build_options	886	missing docstring
.repo_studios/command_center/scripts/producers/generate_commandview_inventory.py	function	.repo_studios.command_center.scripts.producers.generate_commandview_inventory.configure_logging	891	missing docstring
.repo_studios/command_center/scripts/producers/generate_commandview_inventory.py	function	.repo_studios.command_center.scripts.producers.generate_commandview_inventory.load_coverage_reports	895	missing docstring
.repo_studios/command_center/scripts/producers/generate_commandview_inventory.py	function	.repo_studios.command_center.scripts.producers.generate_commandview_inventory.attach_git_churn	1007	missing docstring
.repo_studios/command_center/scripts/producers/generate_commandview_inventory.py	function	.repo_studios.command_center.scripts.producers.generate_commandview_inventory.discover_python_files	1068	missing docstring
.repo_studios/command_center/scripts/producers/generate_commandview_inventory.py	function	.repo_studios.command_center.scripts.producers.generate_commandview_inventory.analyze_python_file	2187	missing docstring
.repo_studios/command_center/scripts/producers/generate_commandview_inventory.py	function	.repo_studios.command_center.scripts.producers.generate_commandview_inventory.compose_inventory	2388	missing docstring
.repo_studios/command_center/scripts/producers/generate_commandview_inventory.py	function	.repo_studios.command_center.scripts.producers.generate_commandview_inventory.build_screening_summary	2739	missing docstring
.repo_studios/command_center/scripts/producers/generate_commandview_inventory.py	function	.repo_studios.command_center.scripts.producers.generate_commandview_inventory.write_inventory	2894	missing docstring
.repo_studios/command_center/scripts/producers/generate_commandview_inventory.py	function	.repo_studios.command_center.scripts.producers.generate_commandview_inventory.run	2908	missing docstring
.repo_studios/command_center/scripts/producers/generate_commandview_inventory.py	function	.repo_studios.command_center.scripts.producers.generate_commandview_inventory.main	2966	missing docstring
.repo_studios/scripts/producers/analyze_test_hardening.py	class	.repo_studios.scripts.producers.analyze_test_hardening.Paths	50	missing docstring
.repo_studios/scripts/producers/analyze_test_hardening.py	class	.repo_studios.scripts.producers.analyze_test_hardening.Options	56	missing docstring
.repo_studios/scripts/producers/analyze_test_hardening.py	class	.repo_studios.scripts.producers.analyze_test_hardening.TestIssue	84	missing docstring
.repo_studios/scripts/producers/analyze_test_hardening.py	class	.repo_studios.scripts.producers.analyze_test_hardening.TestFileAnalysis	92	missing docstring
.repo_studios/scripts/producers/analyze_test_hardening.py	method	.repo_studios.scripts.producers.analyze_test_hardening.TestFileAnalysis.severity_counts	101	missing docstring
.repo_studios/scripts/producers/analyze_test_hardening.py	method	.repo_studios.scripts.producers.analyze_test_hardening.TestFileAnalysis.priority_score	109	missing docstring
.repo_studios/scripts/producers/analyze_test_hardening.py	function	.repo_studios.scripts.producers.analyze_test_hardening.parse_args	114	missing docstring
.repo_studios/scripts/producers/analyze_test_hardening.py	function	.repo_studios.scripts.producers.analyze_test_hardening.build_paths	140	missing docstring
.repo_studios/scripts/producers/analyze_test_hardening.py	function	.repo_studios.scripts.producers.analyze_test_hardening.build_options	144	missing docstring
.repo_studios/scripts/producers/analyze_test_hardening.py	function	.repo_studios.scripts.producers.analyze_test_hardening.configure_logging	149	missing docstring
.repo_studios/scripts/producers/analyze_test_hardening.py	function	.repo_studios.scripts.producers.analyze_test_hardening.discover_test_files	153	missing docstring
.repo_studios/scripts/producers/analyze_test_hardening.py	function	.repo_studios.scripts.producers.analyze_test_hardening.analyze_file	166	missing docstring
.repo_studios/scripts/producers/analyze_test_hardening.py	function	.repo_studios.scripts.producers.analyze_test_hardening.analyze_all	388	missing docstring
.repo_studios/scripts/producers/analyze_test_hardening.py	function	.repo_studios.scripts.producers.analyze_test_hardening.compose_payload	400	missing docstring
.repo_studios/scripts/producers/analyze_test_hardening.py	function	.repo_studios.scripts.producers.analyze_test_hardening.render_markdown_report	485	missing docstring
.repo_studios/scripts/producers/analyze_test_hardening.py	function	.repo_studios.scripts.producers.analyze_test_hardening.render_log	557	missing docstring
.repo_studios/scripts/producers/analyze_test_hardening.py	function	.repo_studios.scripts.producers.analyze_test_hardening.write_artifacts	573	missing docstring
.repo_studios/scripts/producers/analyze_test_hardening.py	function	.repo_studios.scripts.producers.analyze_test_hardening.prune_history	597	missing docstring
.repo_studios/scripts/producers/analyze_test_hardening.py	function	.repo_studios.scripts.producers.analyze_test_hardening.run	618	missing docstring
.repo_studios/scripts/producers/analyze_test_hardening.py	function	.repo_studios.scripts.producers.analyze_test_hardening.main	632	missing docstring
.repo_studios/scripts/producers/render_inventory_views.py	class	.repo_studios.scripts.producers.render_inventory_views.ViewBundle	57	missing docstring
.repo_studios/scripts/producers/render_inventory_views.py	function	.repo_studios.scripts.producers.render_inventory_views.load_inventory	89	missing docstring
.repo_studios/scripts/producers/render_inventory_views.py	function	.repo_studios.scripts.producers.render_inventory_views.docs_view	108	missing docstring
.repo_studios/scripts/producers/render_inventory_views.py	function	.repo_studios.scripts.producers.render_inventory_views.scripts_view	128	missing docstring
.repo_studios/scripts/producers/render_inventory_views.py	function	.repo_studios.scripts.producers.render_inventory_views.tests_view	149	missing docstring
.repo_studios/scripts/producers/render_inventory_views.py	function	.repo_studios.scripts.producers.render_inventory_views.summary_view	167	missing docstring
.repo_studios/scripts/producers/render_inventory_views.py	function	.repo_studios.scripts.producers.render_inventory_views.summary_dashboard	201	missing docstring
.repo_studios/scripts/producers/render_inventory_views.py	function	.repo_studios.scripts.producers.render_inventory_views.build_views	219	missing docstring
.repo_studios/scripts/producers/render_inventory_views.py	function	.repo_studios.scripts.producers.render_inventory_views.write_yaml	229	missing docstring
.repo_studios/scripts/producers/render_inventory_views.py	function	.repo_studios.scripts.producers.render_inventory_views.write_json	234	missing docstring
.repo_studios/scripts/producers/render_inventory_views.py	function	.repo_studios.scripts.producers.render_inventory_views.ensure_report_topics	238	missing docstring
.repo_studios/scripts/producers/render_inventory_views.py	function	.repo_studios.scripts.producers.render_inventory_views.write_stub	259	missing docstring
.repo_studios/scripts/producers/render_inventory_views.py	function	.repo_studios.scripts.producers.render_inventory_views.compose_report_payload	276	missing docstring
.repo_studios/scripts/producers/render_inventory_views.py	function	.repo_studios.scripts.producers.render_inventory_views.render_markdown	334	missing docstring
.repo_studios/scripts/producers/render_inventory_views.py	function	.repo_studios.scripts.producers.render_inventory_views.render_log	364	missing docstring
.repo_studios/scripts/producers/render_inventory_views.py	class	.repo_studios.scripts.producers.render_inventory_views.Paths	401	missing docstring
.repo_studios/scripts/producers/render_inventory_views.py	class	.repo_studios.scripts.producers.render_inventory_views.Options	409	missing docstring
.repo_studios/scripts/producers/render_inventory_views.py	function	.repo_studios.scripts.producers.render_inventory_views.build_paths	441	missing docstring
.repo_studios/scripts/producers/render_inventory_views.py	function	.repo_studios.scripts.producers.render_inventory_views.build_options	445	missing docstring
.repo_studios/scripts/producers/render_inventory_views.py	function	.repo_studios.scripts.producers.render_inventory_views.main	453	missing docstring
.repo_studios/scripts/producers/verify_docs_integrity.py	class	.repo_studios.scripts.producers.verify_docs_integrity.JsonBlockResult	54	missing docstring
.repo_studios/scripts/producers/verify_docs_integrity.py	class	.repo_studios.scripts.producers.verify_docs_integrity.Paths	62	missing docstring
.repo_studios/scripts/producers/verify_docs_integrity.py	class	.repo_studios.scripts.producers.verify_docs_integrity.Options	69	missing docstring
.repo_studios/scripts/producers/verify_docs_integrity.py	class	.repo_studios.scripts.producers.verify_docs_integrity.DocumentProcessingResult	104	missing docstring
.repo_studios/scripts/producers/verify_docs_integrity.py	class	.repo_studios.scripts.producers.verify_docs_integrity.VerificationOutcome	114	missing docstring
.repo_studios/scripts/producers/verify_docs_integrity.py	function	.repo_studios.scripts.producers.verify_docs_integrity.parse_args	126	missing docstring
.repo_studios/scripts/producers/verify_docs_integrity.py	function	.repo_studios.scripts.producers.verify_docs_integrity.configure_logging	170	missing docstring
.repo_studios/scripts/producers/verify_docs_integrity.py	function	.repo_studios.scripts.producers.verify_docs_integrity.build_paths	174	missing docstring
.repo_studios/scripts/producers/verify_docs_integrity.py	function	.repo_studios.scripts.producers.verify_docs_integrity.build_options	178	missing docstring
.repo_studios/scripts/producers/verify_docs_integrity.py	function	.repo_studios.scripts.producers.verify_docs_integrity.compute_exit_codes_hash	203	missing docstring
.repo_studios/scripts/producers/verify_docs_integrity.py	function	.repo_studios.scripts.producers.verify_docs_integrity.process_file	232	missing docstring
.repo_studios/scripts/producers/verify_docs_integrity.py	function	.repo_studios.scripts.producers.verify_docs_integrity.regenerate_index_table	259	missing docstring
.repo_studios/scripts/producers/verify_docs_integrity.py	function	.repo_studios.scripts.producers.verify_docs_integrity.verify_all	343	missing docstring
.repo_studios/scripts/producers/verify_docs_integrity.py	function	.repo_studios.scripts.producers.verify_docs_integrity.compose_payload	394	missing docstring
.repo_studios/scripts/producers/verify_docs_integrity.py	function	.repo_studios.scripts.producers.verify_docs_integrity.render_markdown_report	469	missing docstring
.repo_studios/scripts/producers/verify_docs_integrity.py	function	.repo_studios.scripts.producers.verify_docs_integrity.render_log	500	missing docstring
.repo_studios/scripts/producers/verify_docs_integrity.py	function	.repo_studios.scripts.producers.verify_docs_integrity.write_artifacts	518	missing docstring
.repo_studios/scripts/producers/verify_docs_integrity.py	function	.repo_studios.scripts.producers.verify_docs_integrity.prune_history	542	missing docstring
.repo_studios/scripts/producers/verify_docs_integrity.py	function	.repo_studios.scripts.producers.verify_docs_integrity.run	561	missing docstring
.repo_studios/scripts/producers/verify_docs_integrity.py	function	.repo_studios.scripts.producers.verify_docs_integrity.main	608	missing docstring
.repo_studios/scripts/producers/generate_doc_index.py	class	.repo_studios.scripts.producers.generate_doc_index.Paths	83	missing docstring
.repo_studios/scripts/producers/generate_doc_index.py	class	.repo_studios.scripts.producers.generate_doc_index.Options	89	missing docstring
.repo_studios/scripts/producers/generate_doc_index.py	class	.repo_studios.scripts.producers.generate_doc_index.Heading	94	missing docstring
.repo_studios/scripts/producers/generate_doc_index.py	class	.repo_studios.scripts.producers.generate_doc_index.SubHeading	101	missing docstring
.repo_studios/scripts/producers/generate_doc_index.py	class	.repo_studios.scripts.producers.generate_doc_index.DocumentRecord	110	missing docstring
.repo_studios/scripts/producers/generate_doc_index.py	function	.repo_studios.scripts.producers.generate_doc_index.slugify	149	missing docstring
.repo_studios/scripts/producers/generate_doc_index.py	function	.repo_studios.scripts.producers.generate_doc_index.iter_markdown_files	170	missing docstring
.repo_studios/scripts/producers/generate_doc_index.py	function	.repo_studios.scripts.producers.generate_doc_index.parse_markdown_document	297	missing docstring
.repo_studios/scripts/producers/generate_doc_index.py	function	.repo_studios.scripts.producers.generate_doc_index.collect_documents	373	missing docstring
.repo_studios/scripts/producers/generate_doc_index.py	function	.repo_studios.scripts.producers.generate_doc_index.build_metrics	381	missing docstring
.repo_studios/scripts/producers/generate_doc_index.py	function	.repo_studios.scripts.producers.generate_doc_index.build_database_placeholder	432	missing docstring
.repo_studios/scripts/producers/generate_doc_index.py	function	.repo_studios.scripts.producers.generate_doc_index.build_payload	441	missing docstring
.repo_studios/scripts/producers/generate_doc_index.py	function	.repo_studios.scripts.producers.generate_doc_index.build_csv	485	missing docstring
.repo_studios/scripts/producers/generate_doc_index.py	function	.repo_studios.scripts.producers.generate_doc_index.render_bundle	570	missing docstring
.repo_studios/scripts/producers/generate_doc_index.py	function	.repo_studios.scripts.producers.generate_doc_index.handle_database_placeholder	692	missing docstring
.repo_studios/scripts/producers/generate_doc_index.py	function	.repo_studios.scripts.producers.generate_doc_index.parse_args	699	missing docstring
.repo_studios/scripts/producers/generate_doc_index.py	function	.repo_studios.scripts.producers.generate_doc_index.run	724	missing docstring
.repo_studios/scripts/producers/generate_doc_index.py	function	.repo_studios.scripts.producers.generate_doc_index.main	809	missing docstring
.repo_studios/scripts/producers/validate_metrics_anchor_stubs.py	class	.repo_studios.scripts.producers.validate_metrics_anchor_stubs.Paths	52	missing docstring
.repo_studios/scripts/producers/validate_metrics_anchor_stubs.py	class	.repo_studios.scripts.producers.validate_metrics_anchor_stubs.Options	60	missing docstring
.repo_studios/scripts/producers/validate_metrics_anchor_stubs.py	function	.repo_studios.scripts.producers.validate_metrics_anchor_stubs.parse_args	82	missing docstring
.repo_studios/scripts/producers/validate_metrics_anchor_stubs.py	function	.repo_studios.scripts.producers.validate_metrics_anchor_stubs.configure_logging	119	missing docstring
.repo_studios/scripts/producers/validate_metrics_anchor_stubs.py	function	.repo_studios.scripts.producers.validate_metrics_anchor_stubs.build_paths	123	missing docstring
.repo_studios/scripts/producers/validate_metrics_anchor_stubs.py	function	.repo_studios.scripts.producers.validate_metrics_anchor_stubs.build_options	127	missing docstring
.repo_studios/scripts/producers/validate_metrics_anchor_stubs.py	function	.repo_studios.scripts.producers.validate_metrics_anchor_stubs.iter_markdown_files	137	missing docstring
.repo_studios/scripts/producers/validate_metrics_anchor_stubs.py	function	.repo_studios.scripts.producers.validate_metrics_anchor_stubs.collect_referenced_anchors	147	missing docstring
.repo_studios/scripts/producers/validate_metrics_anchor_stubs.py	function	.repo_studios.scripts.producers.validate_metrics_anchor_stubs.collect_legacy_stub_anchors	160	missing docstring
.repo_studios/scripts/producers/validate_metrics_anchor_stubs.py	function	.repo_studios.scripts.producers.validate_metrics_anchor_stubs.load_allowlist	185	missing docstring
.repo_studios/scripts/producers/validate_metrics_anchor_stubs.py	function	.repo_studios.scripts.producers.validate_metrics_anchor_stubs.summarize_missing	196	missing docstring
.repo_studios/scripts/producers/validate_metrics_anchor_stubs.py	function	.repo_studios.scripts.producers.validate_metrics_anchor_stubs.compose_payload	213	missing docstring
.repo_studios/scripts/producers/validate_metrics_anchor_stubs.py	function	.repo_studios.scripts.producers.validate_metrics_anchor_stubs.render_markdown_report	252	missing docstring
.repo_studios/scripts/producers/validate_metrics_anchor_stubs.py	function	.repo_studios.scripts.producers.validate_metrics_anchor_stubs.render_log	283	missing docstring
.repo_studios/scripts/producers/validate_metrics_anchor_stubs.py	function	.repo_studios.scripts.producers.validate_metrics_anchor_stubs.write_artifacts	298	missing docstring
.repo_studios/scripts/producers/validate_metrics_anchor_stubs.py	function	.repo_studios.scripts.producers.validate_metrics_anchor_stubs.prune_history	322	missing docstring
.repo_studios/scripts/producers/validate_metrics_anchor_stubs.py	function	.repo_studios.scripts.producers.validate_metrics_anchor_stubs.run	341	missing docstring
.repo_studios/scripts/producers/validate_metrics_anchor_stubs.py	function	.repo_studios.scripts.producers.validate_metrics_anchor_stubs.main	388	missing docstring
.repo_studios/command_center/scripts/summarizers/generate_function_analysis.py	class	.repo_studios.command_center.scripts.summarizers.generate_function_analysis.Paths	38	missing docstring
.repo_studios/command_center/scripts/summarizers/generate_function_analysis.py	class	.repo_studios.command_center.scripts.summarizers.generate_function_analysis.Options	46	missing docstring
.repo_studios/command_center/scripts/summarizers/generate_function_analysis.py	function	.repo_studios.command_center.scripts.summarizers.generate_function_analysis.parse_args	52	missing docstring
.repo_studios/command_center/scripts/summarizers/generate_function_analysis.py	function	.repo_studios.command_center.scripts.summarizers.generate_function_analysis.build_paths	95	missing docstring
.repo_studios/command_center/scripts/summarizers/generate_function_analysis.py	function	.repo_studios.command_center.scripts.summarizers.generate_function_analysis.build_options	119	missing docstring
.repo_studios/command_center/scripts/summarizers/generate_function_analysis.py	function	.repo_studios.command_center.scripts.summarizers.generate_function_analysis.configure_logging	124	missing docstring
.repo_studios/command_center/scripts/summarizers/generate_function_analysis.py	function	.repo_studios.command_center.scripts.summarizers.generate_function_analysis.locate_inventory_file	128	missing docstring
.repo_studios/command_center/scripts/summarizers/generate_function_analysis.py	function	.repo_studios.command_center.scripts.summarizers.generate_function_analysis.read_inventory	144	missing docstring
.repo_studios/command_center/scripts/summarizers/generate_function_analysis.py	function	.repo_studios.command_center.scripts.summarizers.generate_function_analysis.collect_functions	151	missing docstring
.repo_studios/command_center/scripts/summarizers/generate_function_analysis.py	function	.repo_studios.command_center.scripts.summarizers.generate_function_analysis.identify_duplicate_groups	192	missing docstring
.repo_studios/command_center/scripts/summarizers/generate_function_analysis.py	function	.repo_studios.command_center.scripts.summarizers.generate_function_analysis.slugify	205	missing docstring
.repo_studios/command_center/scripts/summarizers/generate_function_analysis.py	function	.repo_studios.command_center.scripts.summarizers.generate_function_analysis.build_findings	209	missing docstring
.repo_studios/command_center/scripts/summarizers/generate_function_analysis.py	function	.repo_studios.command_center.scripts.summarizers.generate_function_analysis.compose_payload	248	missing docstring
.repo_studios/command_center/scripts/summarizers/generate_function_analysis.py	function	.repo_studios.command_center.scripts.summarizers.generate_function_analysis.analysis_date	300	missing docstring
.repo_studios/command_center/scripts/summarizers/generate_function_analysis.py	function	.repo_studios.command_center.scripts.summarizers.generate_function_analysis.write_analysis	318	missing docstring
.repo_studios/command_center/scripts/summarizers/generate_function_analysis.py	function	.repo_studios.command_center.scripts.summarizers.generate_function_analysis.run	334	missing docstring
.repo_studios/command_center/scripts/summarizers/generate_function_analysis.py	function	.repo_studios.command_center.scripts.summarizers.generate_function_analysis.main	374	missing docstring
.repo_studios/scripts/producers/analyze_standards_index_gaps.py	class	.repo_studios.scripts.producers.analyze_standards_index_gaps.GapCandidate	47	missing docstring
.repo_studios/scripts/producers/analyze_standards_index_gaps.py	method	.repo_studios.scripts.producers.analyze_standards_index_gaps.GapCandidate.to_dict	51	missing docstring
.repo_studios/scripts/producers/analyze_standards_index_gaps.py	function	.repo_studios.scripts.producers.analyze_standards_index_gaps.load_index	55	missing docstring
.repo_studios/scripts/producers/analyze_standards_index_gaps.py	function	.repo_studios.scripts.producers.analyze_standards_index_gaps.load_sources	70	missing docstring
.repo_studios/scripts/producers/analyze_standards_index_gaps.py	function	.repo_studios.scripts.producers.analyze_standards_index_gaps.build_existing_tokens	94	missing docstring
.repo_studios/scripts/producers/analyze_standards_index_gaps.py	function	.repo_studios.scripts.producers.analyze_standards_index_gaps.scan_file	106	missing docstring
.repo_studios/scripts/producers/analyze_standards_index_gaps.py	function	.repo_studios.scripts.producers.analyze_standards_index_gaps.run_gap_detection	127	missing docstring
.repo_studios/scripts/producers/analyze_standards_index_gaps.py	function	.repo_studios.scripts.producers.analyze_standards_index_gaps.build_report	143	missing docstring
.repo_studios/scripts/producers/analyze_standards_index_gaps.py	function	.repo_studios.scripts.producers.analyze_standards_index_gaps.write_markdown	174	missing docstring
.repo_studios/scripts/producers/analyze_standards_index_gaps.py	function	.repo_studios.scripts.producers.analyze_standards_index_gaps.write_candidates_tsv	206	missing docstring
.repo_studios/scripts/producers/analyze_standards_index_gaps.py	function	.repo_studios.scripts.producers.analyze_standards_index_gaps.write_artifacts	215	missing docstring
.repo_studios/scripts/producers/analyze_standards_index_gaps.py	function	.repo_studios.scripts.producers.analyze_standards_index_gaps.prune_old_runs	245	missing docstring
.repo_studios/scripts/producers/analyze_standards_index_gaps.py	function	.repo_studios.scripts.producers.analyze_standards_index_gaps.emit_runtime_log	263	missing docstring
.repo_studios/scripts/producers/analyze_standards_index_gaps.py	function	.repo_studios.scripts.producers.analyze_standards_index_gaps.build_parser	286	missing docstring
.repo_studios/scripts/producers/analyze_standards_index_gaps.py	function	.repo_studios.scripts.producers.analyze_standards_index_gaps.main	336	missing docstring
.repo_studios/scripts/producers/check_inventory_health.py	class	.repo_studios.scripts.producers.check_inventory_health.Paths	69	missing docstring
.repo_studios/scripts/producers/check_inventory_health.py	class	.repo_studios.scripts.producers.check_inventory_health.Options	77	missing docstring
.repo_studios/scripts/producers/check_inventory_health.py	function	.repo_studios.scripts.producers.check_inventory_health.load_json	113	missing docstring
.repo_studios/scripts/producers/check_inventory_health.py	function	.repo_studios.scripts.producers.check_inventory_health.compute_deltas	124	missing docstring
.repo_studios/scripts/producers/check_inventory_health.py	function	.repo_studios.scripts.producers.check_inventory_health.check_thresholds	135	missing docstring
.repo_studios/scripts/producers/check_inventory_health.py	function	.repo_studios.scripts.producers.check_inventory_health.evaluate	159	missing docstring
.repo_studios/scripts/producers/check_inventory_health.py	function	.repo_studios.scripts.producers.check_inventory_health.parse_timestamp	166	missing docstring
.repo_studios/scripts/producers/check_inventory_health.py	function	.repo_studios.scripts.producers.check_inventory_health.build_report	175	missing docstring
.repo_studios/scripts/producers/check_inventory_health.py	function	.repo_studios.scripts.producers.check_inventory_health.write_markdown	211	missing docstring
.repo_studios/scripts/producers/check_inventory_health.py	function	.repo_studios.scripts.producers.check_inventory_health.write_log	247	missing docstring
.repo_studios/scripts/producers/check_inventory_health.py	function	.repo_studios.scripts.producers.check_inventory_health.configure_logging	264	missing docstring
.repo_studios/scripts/producers/check_inventory_health.py	function	.repo_studios.scripts.producers.check_inventory_health.build_paths	269	missing docstring
.repo_studios/scripts/producers/check_inventory_health.py	function	.repo_studios.scripts.producers.check_inventory_health.build_options	273	missing docstring
.repo_studios/scripts/producers/check_inventory_health.py	function	.repo_studios.scripts.producers.check_inventory_health.main	281	missing docstring
.repo_studios/scripts/producers/validate_import_boundaries.py	class	.repo_studios.scripts.producers.validate_import_boundaries.Paths	49	missing docstring
.repo_studios/scripts/producers/validate_import_boundaries.py	class	.repo_studios.scripts.producers.validate_import_boundaries.Options	57	missing docstring
.repo_studios/scripts/producers/validate_import_boundaries.py	class	.repo_studios.scripts.producers.validate_import_boundaries.Violation	91	missing docstring
.repo_studios/scripts/producers/validate_import_boundaries.py	function	.repo_studios.scripts.producers.validate_import_boundaries.parse_args	97	missing docstring
.repo_studios/scripts/producers/validate_import_boundaries.py	function	.repo_studios.scripts.producers.validate_import_boundaries.configure_logging	136	missing docstring
.repo_studios/scripts/producers/validate_import_boundaries.py	function	.repo_studios.scripts.producers.validate_import_boundaries.build_paths	140	missing docstring
.repo_studios/scripts/producers/validate_import_boundaries.py	function	.repo_studios.scripts.producers.validate_import_boundaries.build_options	154	missing docstring
.repo_studios/scripts/producers/validate_import_boundaries.py	function	.repo_studios.scripts.producers.validate_import_boundaries.render_markdown_report	296	missing docstring
.repo_studios/scripts/producers/validate_import_boundaries.py	function	.repo_studios.scripts.producers.validate_import_boundaries.render_log	332	missing docstring
.repo_studios/scripts/producers/validate_import_boundaries.py	function	.repo_studios.scripts.producers.validate_import_boundaries.write_artifacts	363	missing docstring
.repo_studios/scripts/producers/validate_import_boundaries.py	function	.repo_studios.scripts.producers.validate_import_boundaries.prune_history	380	missing docstring
.repo_studios/scripts/producers/validate_import_boundaries.py	function	.repo_studios.scripts.producers.validate_import_boundaries.compose_payload	399	missing docstring
.repo_studios/scripts/producers/validate_import_boundaries.py	function	.repo_studios.scripts.producers.validate_import_boundaries.run	429	missing docstring
.repo_studios/scripts/producers/validate_import_boundaries.py	function	.repo_studios.scripts.producers.validate_import_boundaries.main	481	missing docstring
.repo_studios/scripts/producers/validate_markdown_anchors.py	class	.repo_studios.scripts.producers.validate_markdown_anchors.Issue	78	missing docstring
.repo_studios/scripts/producers/validate_markdown_anchors.py	class	.repo_studios.scripts.producers.validate_markdown_anchors.Paths	86	missing docstring
.repo_studios/scripts/producers/validate_markdown_anchors.py	class	.repo_studios.scripts.producers.validate_markdown_anchors.Options	92	missing docstring
.repo_studios/scripts/producers/validate_markdown_anchors.py	function	.repo_studios.scripts.producers.validate_markdown_anchors.build_report	132	missing docstring
.repo_studios/scripts/producers/validate_markdown_anchors.py	function	.repo_studios.scripts.producers.validate_markdown_anchors.write_artifacts	162	missing docstring
.repo_studios/scripts/producers/validate_markdown_anchors.py	function	.repo_studios.scripts.producers.validate_markdown_anchors.prune_old_runs	208	missing docstring
.repo_studios/scripts/producers/validate_markdown_anchors.py	function	.repo_studios.scripts.producers.validate_markdown_anchors.slugify	221	missing docstring
.repo_studios/scripts/producers/validate_markdown_anchors.py	function	.repo_studios.scripts.producers.validate_markdown_anchors.collect_anchors	232	missing docstring
.repo_studios/scripts/producers/validate_markdown_anchors.py	function	.repo_studios.scripts.producers.validate_markdown_anchors.iter_files	242	missing docstring
.repo_studios/scripts/producers/validate_markdown_anchors.py	function	.repo_studios.scripts.producers.validate_markdown_anchors.parse_links	251	missing docstring
.repo_studios/scripts/producers/validate_markdown_anchors.py	function	.repo_studios.scripts.producers.validate_markdown_anchors.check_file	257	missing docstring
.repo_studios/scripts/producers/validate_markdown_anchors.py	function	.repo_studios.scripts.producers.validate_markdown_anchors.build_paths	317	missing docstring
.repo_studios/scripts/producers/validate_markdown_anchors.py	function	.repo_studios.scripts.producers.validate_markdown_anchors.build_options	321	missing docstring
.repo_studios/scripts/producers/validate_markdown_anchors.py	function	.repo_studios.scripts.producers.validate_markdown_anchors.main	332	missing docstring
.repo_studios/scripts/producers/generate_code_doc_churn_report.py	class	.repo_studios.scripts.producers.generate_code_doc_churn_report.Paths	74	missing docstring
.repo_studios/scripts/producers/generate_code_doc_churn_report.py	class	.repo_studios.scripts.producers.generate_code_doc_churn_report.Options	83	missing docstring
.repo_studios/scripts/producers/generate_code_doc_churn_report.py	class	.repo_studios.scripts.producers.generate_code_doc_churn_report.ModuleActivity	128	missing docstring
.repo_studios/scripts/producers/generate_code_doc_churn_report.py	method	.repo_studios.scripts.producers.generate_code_doc_churn_report.ModuleActivity.to_payload	136	missing docstring
.repo_studios/scripts/producers/generate_code_doc_churn_report.py	class	.repo_studios.scripts.producers.generate_code_doc_churn_report.GitMetadata	149	missing docstring
.repo_studios/scripts/producers/generate_code_doc_churn_report.py	method	.repo_studios.scripts.producers.generate_code_doc_churn_report.GitMetadata.to_payload	155	missing docstring
.repo_studios/scripts/producers/generate_code_doc_churn_report.py	function	.repo_studios.scripts.producers.generate_code_doc_churn_report.parse_args	165	missing docstring
.repo_studios/scripts/producers/generate_code_doc_churn_report.py	function	.repo_studios.scripts.producers.generate_code_doc_churn_report.build_report	369	missing docstring
.repo_studios/scripts/producers/generate_code_doc_churn_report.py	function	.repo_studios.scripts.producers.generate_code_doc_churn_report.render_markdown	411	missing docstring
.repo_studios/scripts/producers/generate_code_doc_churn_report.py	function	.repo_studios.scripts.producers.generate_code_doc_churn_report.render_tsv	475	missing docstring
.repo_studios/scripts/producers/generate_code_doc_churn_report.py	function	.repo_studios.scripts.producers.generate_code_doc_churn_report.run	512	missing docstring
.repo_studios/scripts/producers/generate_code_doc_churn_report.py	function	.repo_studios.scripts.producers.generate_code_doc_churn_report.main	598	missing docstring
.repo_studios/scripts/producers/generate_standards_index.py	class	.repo_studios.scripts.producers.generate_standards_index.Category	49	missing docstring
.repo_studios/scripts/producers/generate_standards_index.py	class	.repo_studios.scripts.producers.generate_standards_index.Source	57	missing docstring
.repo_studios/scripts/producers/generate_standards_index.py	class	.repo_studios.scripts.producers.generate_standards_index.Paths	63	missing docstring
.repo_studios/scripts/producers/generate_standards_index.py	class	.repo_studios.scripts.producers.generate_standards_index.BuildStats	74	missing docstring
.repo_studios/scripts/producers/generate_standards_index.py	class	.repo_studios.scripts.producers.generate_standards_index.ExtractDiagnostics	86	missing docstring
.repo_studios/scripts/producers/generate_standards_index.py	function	.repo_studios.scripts.producers.generate_standards_index.build_index	310	missing docstring
.repo_studios/scripts/producers/generate_standards_index.py	function	.repo_studios.scripts.producers.generate_standards_index.write_index	371	missing docstring
.repo_studios/scripts/producers/generate_standards_index.py	function	.repo_studios.scripts.producers.generate_standards_index.prune_old_runs	419	missing docstring
.repo_studios/scripts/producers/generate_standards_index.py	function	.repo_studios.scripts.producers.generate_standards_index.write_artifacts	571	missing docstring
.repo_studios/scripts/producers/generate_standards_index.py	function	.repo_studios.scripts.producers.generate_standards_index.configure_logging	626	missing docstring
.repo_studios/scripts/producers/generate_standards_index.py	function	.repo_studios.scripts.producers.generate_standards_index.build_parser	631	missing docstring
.repo_studios/scripts/producers/generate_standards_index.py	function	.repo_studios.scripts.producers.generate_standards_index.main	669	missing docstring
.repo_studios/command_center/scripts/libraries/cli.py	class	.repo_studios.command_center.scripts.libraries.cli.PathSpec	12	missing docstring
.repo_studios/command_center/scripts/libraries/cli.py	class	.repo_studios.command_center.scripts.libraries.cli.KeepSpec	23	missing docstring
.repo_studios/command_center/scripts/libraries/cli.py	class	.repo_studios.command_center.scripts.libraries.cli.PathsConfig	34	missing docstring
.repo_studios/command_center/scripts/libraries/cli.py	class	.repo_studios.command_center.scripts.libraries.cli.OptionsConfig	43	missing docstring
.repo_studios/command_center/scripts/libraries/cli.py	function	.repo_studios.command_center.scripts.libraries.cli.resolve_repo_root	54	missing docstring
.repo_studios/command_center/scripts/libraries/cli.py	function	.repo_studios.command_center.scripts.libraries.cli.resolve_path	64	missing docstring
.repo_studios/command_center/scripts/libraries/cli.py	function	.repo_studios.command_center.scripts.libraries.cli.normalize_keep_count	87	missing docstring
.repo_studios/command_center/scripts/libraries/cli.py	function	.repo_studios.command_center.scripts.libraries.cli.build_paths	100	missing docstring
.repo_studios/command_center/scripts/libraries/cli.py	function	.repo_studios.command_center.scripts.libraries.cli.build_keep_counts	114	missing docstring
.repo_studios/command_center/scripts/libraries/cli.py	function	.repo_studios.command_center.scripts.libraries.cli.build_standard_paths	124	missing docstring
.repo_studios/command_center/scripts/libraries/cli.py	function	.repo_studios.command_center.scripts.libraries.cli.build_standard_options	137	missing docstring
.repo_studios/scripts/producers/generate_import_graph_report.py	function	.repo_studios.scripts.producers.generate_import_graph_report.iter_py_files	39	missing docstring
.repo_studios/scripts/producers/generate_import_graph_report.py	function	.repo_studios.scripts.producers.generate_import_graph_report.parse_imports	46	missing docstring
.repo_studios/scripts/producers/generate_import_graph_report.py	function	.repo_studios.scripts.producers.generate_import_graph_report.build_graph	87	missing docstring
.repo_studios/scripts/producers/generate_import_graph_report.py	function	.repo_studios.scripts.producers.generate_import_graph_report.fan_metrics	116	missing docstring
.repo_studios/scripts/producers/generate_import_graph_report.py	function	.repo_studios.scripts.producers.generate_import_graph_report.find_cycles	125	missing docstring
.repo_studios/scripts/producers/generate_import_graph_report.py	function	.repo_studios.scripts.producers.generate_import_graph_report.build_report	171	missing docstring
.repo_studios/scripts/producers/generate_import_graph_report.py	function	.repo_studios.scripts.producers.generate_import_graph_report.write_markdown	221	missing docstring
.repo_studios/scripts/producers/generate_import_graph_report.py	function	.repo_studios.scripts.producers.generate_import_graph_report.write_log	268	missing docstring
.repo_studios/scripts/producers/generate_import_graph_report.py	function	.repo_studios.scripts.producers.generate_import_graph_report.write_import_graph_artifacts	290	missing docstring
.repo_studios/scripts/producers/generate_import_graph_report.py	function	.repo_studios.scripts.producers.generate_import_graph_report.configure_logging	342	missing docstring
.repo_studios/scripts/producers/generate_import_graph_report.py	function	.repo_studios.scripts.producers.generate_import_graph_report.main	347	missing docstring
.repo_studios/scripts/consumers/generate_anchor_health_report.py	method	.repo_studios.scripts.consumers.generate_anchor_health_report.Cluster.__init__	60	missing docstring
.repo_studios/scripts/consumers/generate_anchor_health_report.py	method	.repo_studios.scripts.consumers.generate_anchor_health_report.Cluster.file_count	66	missing docstring
.repo_studios/scripts/consumers/generate_anchor_health_report.py	function	.repo_studios.scripts.consumers.generate_anchor_health_report.collect_h1_h2_slugs	80	missing docstring
.repo_studios/scripts/consumers/generate_anchor_health_report.py	function	.repo_studios.scripts.consumers.generate_anchor_health_report.multi_file_duplicates	101	missing docstring
.repo_studios/scripts/consumers/generate_anchor_health_report.py	function	.repo_studios.scripts.consumers.generate_anchor_health_report.load_baseline	110	missing docstring
.repo_studios/scripts/consumers/generate_anchor_health_report.py	function	.repo_studios.scripts.consumers.generate_anchor_health_report.build_report	191	missing docstring
.repo_studios/scripts/consumers/generate_anchor_health_report.py	function	.repo_studios.scripts.consumers.generate_anchor_health_report.write_artifacts	257	missing docstring
.repo_studios/scripts/consumers/generate_anchor_health_report.py	function	.repo_studios.scripts.consumers.generate_anchor_health_report.parse_args	319	missing docstring
.repo_studios/scripts/consumers/generate_anchor_health_report.py	function	.repo_studios.scripts.consumers.generate_anchor_health_report.run	344	missing docstring
.repo_studios/scripts/consumers/generate_anchor_health_report.py	function	.repo_studios.scripts.consumers.generate_anchor_health_report.main	372	missing docstring
.repo_studios/scripts/producers/diff_standards_index.py	function	.repo_studios.scripts.producers.diff_standards_index.prune_old_runs	92	missing docstring
.repo_studios/scripts/producers/diff_standards_index.py	function	.repo_studios.scripts.producers.diff_standards_index.load	132	missing docstring
.repo_studios/scripts/producers/diff_standards_index.py	function	.repo_studios.scripts.producers.diff_standards_index.index_rules	141	missing docstring
.repo_studios/scripts/producers/diff_standards_index.py	function	.repo_studios.scripts.producers.diff_standards_index.classify	145	missing docstring
.repo_studios/scripts/producers/diff_standards_index.py	function	.repo_studios.scripts.producers.diff_standards_index.generate_diff	193	missing docstring
.repo_studios/scripts/producers/diff_standards_index.py	function	.repo_studios.scripts.producers.diff_standards_index.build_parser	214	missing docstring
.repo_studios/scripts/producers/diff_standards_index.py	function	.repo_studios.scripts.producers.diff_standards_index.should_fail	259	missing docstring
.repo_studios/scripts/producers/diff_standards_index.py	function	.repo_studios.scripts.producers.diff_standards_index.write_artifacts	412	missing docstring
.repo_studios/scripts/producers/diff_standards_index.py	function	.repo_studios.scripts.producers.diff_standards_index.configure_logging	443	missing docstring
.repo_studios/scripts/producers/diff_standards_index.py	function	.repo_studios.scripts.producers.diff_standards_index.main	448	missing docstring
.repo_studios/command_center/scripts/orchestrators/run_command_center_pipeline.py	class	.repo_studios.command_center.scripts.orchestrators.run_command_center_pipeline.StepResult	16	missing docstring
.repo_studios/command_center/scripts/orchestrators/run_command_center_pipeline.py	class	.repo_studios.command_center.scripts.orchestrators.run_command_center_pipeline.Paths	27	missing docstring
.repo_studios/command_center/scripts/orchestrators/run_command_center_pipeline.py	class	.repo_studios.command_center.scripts.orchestrators.run_command_center_pipeline.Options	33	missing docstring
.repo_studios/command_center/scripts/orchestrators/run_command_center_pipeline.py	function	.repo_studios.command_center.scripts.orchestrators.run_command_center_pipeline.parse_args	37	missing docstring
.repo_studios/command_center/scripts/orchestrators/run_command_center_pipeline.py	function	.repo_studios.command_center.scripts.orchestrators.run_command_center_pipeline.build_options	60	missing docstring
.repo_studios/command_center/scripts/orchestrators/run_command_center_pipeline.py	function	.repo_studios.command_center.scripts.orchestrators.run_command_center_pipeline.configure_logging	64	missing docstring
.repo_studios/command_center/scripts/orchestrators/run_command_center_pipeline.py	function	.repo_studios.command_center.scripts.orchestrators.run_command_center_pipeline.build_paths	78	missing docstring
.repo_studios/command_center/scripts/orchestrators/run_command_center_pipeline.py	function	.repo_studios.command_center.scripts.orchestrators.run_command_center_pipeline.run	197	missing docstring
.repo_studios/command_center/scripts/orchestrators/run_command_center_pipeline.py	function	.repo_studios.command_center.scripts.orchestrators.run_command_center_pipeline.main	261	missing docstring
.repo_studios/scripts/orchestrators/run_standards_index_cli.py	function	.repo_studios.scripts.orchestrators.run_standards_index_cli.load_index	53	missing docstring
.repo_studios/scripts/orchestrators/run_standards_index_cli.py	function	.repo_studios.scripts.orchestrators.run_standards_index_cli.filter_rules	79	missing docstring
.repo_studios/scripts/orchestrators/run_standards_index_cli.py	function	.repo_studios.scripts.orchestrators.run_standards_index_cli.cmd_list	110	missing docstring
.repo_studios/scripts/orchestrators/run_standards_index_cli.py	function	.repo_studios.scripts.orchestrators.run_standards_index_cli.cmd_search	118	missing docstring
.repo_studios/scripts/orchestrators/run_standards_index_cli.py	function	.repo_studios.scripts.orchestrators.run_standards_index_cli.cmd_show	125	missing docstring
.repo_studios/scripts/orchestrators/run_standards_index_cli.py	function	.repo_studios.scripts.orchestrators.run_standards_index_cli.cmd_stats	136	missing docstring
.repo_studios/scripts/orchestrators/run_standards_index_cli.py	function	.repo_studios.scripts.orchestrators.run_standards_index_cli.build_parser	149	missing docstring
.repo_studios/scripts/orchestrators/run_standards_index_cli.py	function	.repo_studios.scripts.orchestrators.run_standards_index_cli.validate_args	184	missing docstring
.repo_studios/scripts/orchestrators/run_standards_index_cli.py	function	.repo_studios.scripts.orchestrators.run_standards_index_cli.main	193	missing docstring
.repo_studios/scripts/producers/generate_typecheck_report.py	class	.repo_studios.scripts.producers.generate_typecheck_report.ErrorSample	57	missing docstring
.repo_studios/scripts/producers/generate_typecheck_report.py	class	.repo_studios.scripts.producers.generate_typecheck_report.BuildStats	65	missing docstring
.repo_studios/scripts/producers/generate_typecheck_report.py	function	.repo_studios.scripts.producers.generate_typecheck_report.configure_logging	322	missing docstring
.repo_studios/scripts/producers/generate_typecheck_report.py	function	.repo_studios.scripts.producers.generate_typecheck_report.build_parser	326	missing docstring
.repo_studios/scripts/producers/generate_typecheck_report.py	class	.repo_studios.scripts.producers.generate_typecheck_report.Paths	345	missing docstring
.repo_studios/scripts/producers/generate_typecheck_report.py	class	.repo_studios.scripts.producers.generate_typecheck_report.Options	350	missing docstring
.repo_studios/scripts/producers/generate_typecheck_report.py	function	.repo_studios.scripts.producers.generate_typecheck_report.build_paths	379	missing docstring
.repo_studios/scripts/producers/generate_typecheck_report.py	function	.repo_studios.scripts.producers.generate_typecheck_report.build_options	383	missing docstring
.repo_studios/scripts/producers/generate_typecheck_report.py	function	.repo_studios.scripts.producers.generate_typecheck_report.main	391	missing docstring
.repo_studios/command_center/scripts/libraries/manifest.py	class	.repo_studios.command_center.scripts.libraries.manifest.ManifestFile	22	missing docstring
.repo_studios/command_center/scripts/libraries/manifest.py	method	.repo_studios.command_center.scripts.libraries.manifest.ManifestFile.to_dict	30	missing docstring
.repo_studios/command_center/scripts/libraries/manifest.py	class	.repo_studios.command_center.scripts.libraries.manifest.GuardrailState	38	missing docstring
.repo_studios/command_center/scripts/libraries/manifest.py	method	.repo_studios.command_center.scripts.libraries.manifest.GuardrailState.to_dict	46	missing docstring
.repo_studios/command_center/scripts/libraries/manifest.py	class	.repo_studios.command_center.scripts.libraries.manifest.AutomationManifest	62	missing docstring
.repo_studios/command_center/scripts/libraries/manifest.py	method	.repo_studios.command_center.scripts.libraries.manifest.AutomationManifest.to_dict	93	missing docstring
.repo_studios/command_center/scripts/libraries/manifest.py	function	.repo_studios.command_center.scripts.libraries.manifest.build_automation_manifest	110	missing docstring
.repo_studios/command_center/scripts/libraries/manifest.py	function	.repo_studios.command_center.scripts.libraries.manifest.write_automation_manifest	141	missing docstring
.repo_studios/command_center/scripts/orchestrators/run_automation_dry_run.py	class	.repo_studios.command_center.scripts.orchestrators.run_automation_dry_run.Paths	22	missing docstring
.repo_studios/command_center/scripts/orchestrators/run_automation_dry_run.py	class	.repo_studios.command_center.scripts.orchestrators.run_automation_dry_run.Options	29	missing docstring
.repo_studios/command_center/scripts/orchestrators/run_automation_dry_run.py	function	.repo_studios.command_center.scripts.orchestrators.run_automation_dry_run.parse_args	79	missing docstring
.repo_studios/command_center/scripts/orchestrators/run_automation_dry_run.py	function	.repo_studios.command_center.scripts.orchestrators.run_automation_dry_run.build_paths	121	missing docstring
.repo_studios/command_center/scripts/orchestrators/run_automation_dry_run.py	function	.repo_studios.command_center.scripts.orchestrators.run_automation_dry_run.build_options	131	missing docstring
.repo_studios/command_center/scripts/orchestrators/run_automation_dry_run.py	function	.repo_studios.command_center.scripts.orchestrators.run_automation_dry_run.configure_logging	136	missing docstring
.repo_studios/command_center/scripts/orchestrators/run_automation_dry_run.py	function	.repo_studios.command_center.scripts.orchestrators.run_automation_dry_run.run	318	missing docstring
.repo_studios/command_center/scripts/orchestrators/run_automation_dry_run.py	function	.repo_studios.command_center.scripts.orchestrators.run_automation_dry_run.main	459	missing docstring
.repo_studios/scripts/producers/generate_undocumented_logic_report.py	class	.repo_studios.scripts.producers.generate_undocumented_logic_report.Paths	52	missing docstring
.repo_studios/scripts/producers/generate_undocumented_logic_report.py	class	.repo_studios.scripts.producers.generate_undocumented_logic_report.Options	61	missing docstring
.repo_studios/scripts/producers/generate_undocumented_logic_report.py	class	.repo_studios.scripts.producers.generate_undocumented_logic_report.EntityFinding	109	missing docstring
.repo_studios/scripts/producers/generate_undocumented_logic_report.py	class	.repo_studios.scripts.producers.generate_undocumented_logic_report.ModuleScan	118	missing docstring
.repo_studios/scripts/producers/generate_undocumented_logic_report.py	method	.repo_studios.scripts.producers.generate_undocumented_logic_report.ModuleScan.coverage	124	missing docstring
.repo_studios/scripts/producers/generate_undocumented_logic_report.py	function	.repo_studios.scripts.producers.generate_undocumented_logic_report.parse_args	134	missing docstring
.repo_studios/scripts/producers/generate_undocumented_logic_report.py	function	.repo_studios.scripts.producers.generate_undocumented_logic_report.run	541	missing docstring
.repo_studios/scripts/producers/generate_undocumented_logic_report.py	function	.repo_studios.scripts.producers.generate_undocumented_logic_report.main	647	missing docstring
.repo_studios/scripts/orchestrators/orchestrate_health_suite.py	function	.repo_studios.scripts.orchestrators.orchestrate_health_suite.exe	76	missing docstring
.repo_studios/scripts/orchestrators/orchestrate_health_suite.py	function	.repo_studios.scripts.orchestrators.orchestrate_health_suite.find_script	106	missing docstring
.repo_studios/scripts/orchestrators/orchestrate_health_suite.py	class	.repo_studios.scripts.orchestrators.orchestrate_health_suite.Step	115	missing docstring
.repo_studios/scripts/orchestrators/orchestrate_health_suite.py	function	.repo_studios.scripts.orchestrators.orchestrate_health_suite.make_steps	124	missing docstring
.repo_studios/scripts/orchestrators/orchestrate_health_suite.py	function	.repo_studios.scripts.orchestrators.orchestrate_health_suite.run_step	481	missing docstring
.repo_studios/scripts/orchestrators/orchestrate_health_suite.py	function	.repo_studios.scripts.orchestrators.orchestrate_health_suite.write_status	656	missing docstring
.repo_studios/scripts/orchestrators/orchestrate_health_suite.py	function	.repo_studios.scripts.orchestrators.orchestrate_health_suite.main	683	missing docstring
.repo_studios/scripts/orchestrators/run_batch_cleanup.py	function	.repo_studios.scripts.orchestrators.run_batch_cleanup.ruff_format_cmd	31	missing docstring
.repo_studios/scripts/orchestrators/run_batch_cleanup.py	function	.repo_studios.scripts.orchestrators.run_batch_cleanup.ruff_fix_cmd	35	missing docstring
.repo_studios/scripts/orchestrators/run_batch_cleanup.py	class	.repo_studios.scripts.orchestrators.run_batch_cleanup.CleanupOptions	40	missing docstring
.repo_studios/scripts/orchestrators/run_batch_cleanup.py	class	.repo_studios.scripts.orchestrators.run_batch_cleanup.CommandResult	53	missing docstring
.repo_studios/scripts/orchestrators/run_batch_cleanup.py	method	.repo_studios.scripts.orchestrators.run_batch_cleanup.CommandResult.to_dict	63	missing docstring
.repo_studios/scripts/orchestrators/run_batch_cleanup.py	function	.repo_studios.scripts.orchestrators.run_batch_cleanup.run	595	missing docstring
.repo_studios/scripts/orchestrators/run_batch_cleanup.py	function	.repo_studios.scripts.orchestrators.run_batch_cleanup.main	706	missing docstring
.repo_studios/scripts/producers/generate_test_coverage_inventory.py	class	.repo_studios.scripts.producers.generate_test_coverage_inventory.Paths	66	missing docstring
.repo_studios/scripts/producers/generate_test_coverage_inventory.py	class	.repo_studios.scripts.producers.generate_test_coverage_inventory.Options	73	missing docstring
.repo_studios/scripts/producers/generate_test_coverage_inventory.py	class	.repo_studios.scripts.producers.generate_test_coverage_inventory.FunctionStat	105	missing docstring
.repo_studios/scripts/producers/generate_test_coverage_inventory.py	class	.repo_studios.scripts.producers.generate_test_coverage_inventory.FileCoverage	112	missing docstring
.repo_studios/scripts/producers/generate_test_coverage_inventory.py	function	.repo_studios.scripts.producers.generate_test_coverage_inventory.parse_args	129	missing docstring
.repo_studios/scripts/producers/generate_test_coverage_inventory.py	function	.repo_studios.scripts.producers.generate_test_coverage_inventory.run	456	missing docstring
.repo_studios/scripts/producers/generate_test_coverage_inventory.py	function	.repo_studios.scripts.producers.generate_test_coverage_inventory.main	569	missing docstring
.repo_studios/scripts/utilities/test_log_analysis.py	class	.repo_studios.scripts.utilities.test_log_analysis.TestHealth	30	missing docstring
.repo_studios/scripts/utilities/test_log_analysis.py	class	.repo_studios.scripts.utilities.test_log_analysis.TestLogAnalysisResult	40	missing docstring
.repo_studios/scripts/utilities/test_log_analysis.py	function	.repo_studios.scripts.utilities.test_log_analysis.read_text	55	missing docstring
.repo_studios/scripts/utilities/test_log_analysis.py	function	.repo_studios.scripts.utilities.test_log_analysis.select_junit_artifact	107	missing docstring
.repo_studios/scripts/utilities/test_log_analysis.py	function	.repo_studios.scripts.utilities.test_log_analysis.select_full_log	154	missing docstring
.repo_studios/scripts/utilities/test_log_analysis.py	function	.repo_studios.scripts.utilities.test_log_analysis.build_test_log_report	201	missing docstring
.repo_studios/scripts/utilities/test_log_analysis.py	function	.repo_studios.scripts.utilities.test_log_analysis.render_markdown	250	missing docstring
.repo_studios/command_center/scripts/aggregators/generate_automation_manifest.py	class	.repo_studios.command_center.scripts.aggregators.generate_automation_manifest.Paths	74	missing docstring
.repo_studios/command_center/scripts/aggregators/generate_automation_manifest.py	class	.repo_studios.command_center.scripts.aggregators.generate_automation_manifest.Options	80	missing docstring
.repo_studios/command_center/scripts/aggregators/generate_automation_manifest.py	function	.repo_studios.command_center.scripts.aggregators.generate_automation_manifest.configure_logging	207	missing docstring
.repo_studios/command_center/scripts/aggregators/generate_automation_manifest.py	function	.repo_studios.command_center.scripts.aggregators.generate_automation_manifest.build_parser	212	missing docstring
.repo_studios/command_center/scripts/aggregators/generate_automation_manifest.py	function	.repo_studios.command_center.scripts.aggregators.generate_automation_manifest.run	259	missing docstring
.repo_studios/command_center/scripts/aggregators/generate_automation_manifest.py	function	.repo_studios.command_center.scripts.aggregators.generate_automation_manifest.main	383	missing docstring
.repo_studios/command_center/scripts/aggregators/generate_metrics_summary.py	class	.repo_studios.command_center.scripts.aggregators.generate_metrics_summary.Paths	56	missing docstring
.repo_studios/command_center/scripts/aggregators/generate_metrics_summary.py	class	.repo_studios.command_center.scripts.aggregators.generate_metrics_summary.Options	62	missing docstring
.repo_studios/command_center/scripts/aggregators/generate_metrics_summary.py	function	.repo_studios.command_center.scripts.aggregators.generate_metrics_summary.configure_logging	134	missing docstring
.repo_studios/command_center/scripts/aggregators/generate_metrics_summary.py	function	.repo_studios.command_center.scripts.aggregators.generate_metrics_summary.build_parser	139	missing docstring
.repo_studios/command_center/scripts/aggregators/generate_metrics_summary.py	function	.repo_studios.command_center.scripts.aggregators.generate_metrics_summary.run	198	missing docstring
.repo_studios/command_center/scripts/aggregators/generate_metrics_summary.py	function	.repo_studios.command_center.scripts.aggregators.generate_metrics_summary.main	255	missing docstring
.repo_studios/command_center/scripts/libraries/metrics.py	class	.repo_studios.command_center.scripts.libraries.metrics.TestRunResult	19	missing docstring
.repo_studios/command_center/scripts/libraries/metrics.py	method	.repo_studios.command_center.scripts.libraries.metrics.TestRunResult.to_dict	30	missing docstring
.repo_studios/command_center/scripts/libraries/metrics.py	class	.repo_studios.command_center.scripts.libraries.metrics.MetricsSummary	39	missing docstring
.repo_studios/command_center/scripts/libraries/metrics.py	method	.repo_studios.command_center.scripts.libraries.metrics.MetricsSummary.to_dict	65	missing docstring
.repo_studios/command_center/scripts/libraries/metrics.py	function	.repo_studios.command_center.scripts.libraries.metrics.build_metrics_summary	79	missing docstring
.repo_studios/command_center/scripts/libraries/metrics.py	function	.repo_studios.command_center.scripts.libraries.metrics.write_metrics_summary	104	missing docstring
.repo_studios/command_center/scripts/producers/audit_helper_adoption.py	class	.repo_studios.command_center.scripts.producers.audit_helper_adoption.Paths	70	missing docstring
.repo_studios/command_center/scripts/producers/audit_helper_adoption.py	class	.repo_studios.command_center.scripts.producers.audit_helper_adoption.Options	76	missing docstring
.repo_studios/command_center/scripts/producers/audit_helper_adoption.py	class	.repo_studios.command_center.scripts.producers.audit_helper_adoption.TargetScope	81	missing docstring
.repo_studios/command_center/scripts/producers/audit_helper_adoption.py	function	.repo_studios.command_center.scripts.producers.audit_helper_adoption.build_parser	369	missing docstring
.repo_studios/command_center/scripts/producers/audit_helper_adoption.py	function	.repo_studios.command_center.scripts.producers.audit_helper_adoption.run	394	missing docstring
.repo_studios/command_center/scripts/producers/audit_helper_adoption.py	function	.repo_studios.command_center.scripts.producers.audit_helper_adoption.main	456	missing docstring
.repo_studios/scripts/consumers/classify_monkey_patches.py	class	.repo_studios.scripts.consumers.classify_monkey_patches.Finding	106	missing docstring
.repo_studios/scripts/consumers/classify_monkey_patches.py	method	.repo_studios.scripts.consumers.classify_monkey_patches.Finding.from_obj	115	missing docstring
.repo_studios/scripts/consumers/classify_monkey_patches.py	function	.repo_studios.scripts.consumers.classify_monkey_patches.classify	152	missing docstring
.repo_studios/scripts/consumers/classify_monkey_patches.py	function	.repo_studios.scripts.consumers.classify_monkey_patches.aggregate	164	missing docstring
.repo_studios/scripts/consumers/classify_monkey_patches.py	function	.repo_studios.scripts.consumers.classify_monkey_patches.run	343	missing docstring
.repo_studios/scripts/consumers/classify_monkey_patches.py	function	.repo_studios.scripts.consumers.classify_monkey_patches.main	399	missing docstring
.repo_studios/scripts/orchestrators/run_pytest_log_capture.py	function	.repo_studios.scripts.orchestrators.run_pytest_log_capture.timestamp	70	missing docstring
.repo_studios/scripts/orchestrators/run_pytest_log_capture.py	function	.repo_studios.scripts.orchestrators.run_pytest_log_capture.ensure_dirs	84	missing docstring
.repo_studios/scripts/orchestrators/run_pytest_log_capture.py	function	.repo_studios.scripts.orchestrators.run_pytest_log_capture.run_pytest_and_capture	102	missing docstring
.repo_studios/scripts/orchestrators/run_pytest_log_capture.py	function	.repo_studios.scripts.orchestrators.run_pytest_log_capture.group_by_file	322	missing docstring
.repo_studios/scripts/orchestrators/run_pytest_log_capture.py	function	.repo_studios.scripts.orchestrators.run_pytest_log_capture.write_summary	330	missing docstring
.repo_studios/scripts/orchestrators/run_pytest_log_capture.py	function	.repo_studios.scripts.orchestrators.run_pytest_log_capture.main	378	missing docstring
.repo_studios/scripts/producers/generate_dependency_hygiene_report.py	class	.repo_studios.scripts.producers.generate_dependency_hygiene_report.Issue	56	missing docstring
.repo_studios/scripts/producers/generate_dependency_hygiene_report.py	function	.repo_studios.scripts.producers.generate_dependency_hygiene_report.build_report	162	missing docstring
.repo_studios/scripts/producers/generate_dependency_hygiene_report.py	function	.repo_studios.scripts.producers.generate_dependency_hygiene_report.write_markdown	194	missing docstring
.repo_studios/scripts/producers/generate_dependency_hygiene_report.py	function	.repo_studios.scripts.producers.generate_dependency_hygiene_report.write_log	230	missing docstring
.repo_studios/scripts/producers/generate_dependency_hygiene_report.py	function	.repo_studios.scripts.producers.generate_dependency_hygiene_report.configure_logging	258	missing docstring
.repo_studios/scripts/producers/generate_dependency_hygiene_report.py	function	.repo_studios.scripts.producers.generate_dependency_hygiene_report.main	263	missing docstring
.repo_studios/command_center/scripts/orchestrators/run_inventory_update.py	class	.repo_studios.command_center.scripts.orchestrators.run_inventory_update.Paths	27	missing docstring
.repo_studios/command_center/scripts/orchestrators/run_inventory_update.py	function	.repo_studios.command_center.scripts.orchestrators.run_inventory_update.build_parser	41	missing docstring
.repo_studios/command_center/scripts/orchestrators/run_inventory_update.py	function	.repo_studios.command_center.scripts.orchestrators.run_inventory_update.configure_logging	60	missing docstring
.repo_studios/command_center/scripts/orchestrators/run_inventory_update.py	function	.repo_studios.command_center.scripts.orchestrators.run_inventory_update.run	73	missing docstring
.repo_studios/command_center/scripts/orchestrators/run_inventory_update.py	function	.repo_studios.command_center.scripts.orchestrators.run_inventory_update.main	102	missing docstring
.repo_studios/scripts/producers/generate_lizard_report.py	class	.repo_studios.scripts.producers.generate_lizard_report.Offender	108	missing docstring
.repo_studios/scripts/producers/generate_lizard_report.py	method	.repo_studios.scripts.producers.generate_lizard_report.Offender.to_payload	116	missing docstring
.repo_studios/scripts/producers/generate_lizard_report.py	function	.repo_studios.scripts.producers.generate_lizard_report.configure_logging	564	missing docstring
.repo_studios/scripts/producers/generate_lizard_report.py	function	.repo_studios.scripts.producers.generate_lizard_report.main	569	missing docstring
.repo_studios/scripts/aggregators/analyze_monkey_patch_trends.py	class	.repo_studios.scripts.aggregators.analyze_monkey_patch_trends.TrendRun	37	missing docstring
.repo_studios/scripts/aggregators/analyze_monkey_patch_trends.py	function	.repo_studios.scripts.aggregators.analyze_monkey_patch_trends.run	403	missing docstring
.repo_studios/scripts/aggregators/analyze_monkey_patch_trends.py	function	.repo_studios.scripts.aggregators.analyze_monkey_patch_trends.main	511	missing docstring
.repo_studios/scripts/aggregators/generate_churn_complexity_heatmap.py	class	.repo_studios.scripts.aggregators.generate_churn_complexity_heatmap.MetricRecord	37	missing docstring
.repo_studios/scripts/aggregators/generate_churn_complexity_heatmap.py	function	.repo_studios.scripts.aggregators.generate_churn_complexity_heatmap.run	455	missing docstring
.repo_studios/scripts/aggregators/generate_churn_complexity_heatmap.py	function	.repo_studios.scripts.aggregators.generate_churn_complexity_heatmap.main	581	missing docstring
.repo_studios/scripts/producers/extract_standards_rules.py	class	.repo_studios.scripts.producers.extract_standards_rules.ParsedRule	76	missing docstring
.repo_studios/scripts/producers/extract_standards_rules.py	method	.repo_studios.scripts.producers.extract_standards_rules.ParsedRule.to_dict	87	missing docstring
.repo_studios/scripts/producers/extract_standards_rules.py	function	.repo_studios.scripts.producers.extract_standards_rules.extract_rules	105	missing docstring
.repo_studios/command_center/scripts/libraries/guardrails.py	class	.repo_studios.command_center.scripts.libraries.guardrails.GuardrailConstraints	21	missing docstring
.repo_studios/command_center/scripts/libraries/guardrails.py	class	.repo_studios.command_center.scripts.libraries.guardrails.GuardrailConfig	29	missing docstring
.repo_studios/scripts/consumers/generate_fault_artifacts.py	function	.repo_studios.scripts.consumers.generate_fault_artifacts.run	384	missing docstring
.repo_studios/scripts/consumers/generate_fault_artifacts.py	function	.repo_studios.scripts.consumers.generate_fault_artifacts.main	465	missing docstring
.repo_studios/scripts/consumers/generate_test_log_health_report.py	function	.repo_studios.scripts.consumers.generate_test_log_health_report.run	222	missing docstring
.repo_studios/scripts/consumers/generate_test_log_health_report.py	function	.repo_studios.scripts.consumers.generate_test_log_health_report.main	297	missing docstring
.repo_studios/scripts/producers/collect_faulthandler_reports.py	function	.repo_studios.scripts.producers.collect_faulthandler_reports.run	216	missing docstring
.repo_studios/scripts/producers/collect_faulthandler_reports.py	function	.repo_studios.scripts.producers.collect_faulthandler_reports.main	249	missing docstring
.repo_studios/scripts/producers/collect_test_log_reports.py	function	.repo_studios.scripts.producers.collect_test_log_reports.run	219	missing docstring
.repo_studios/scripts/producers/collect_test_log_reports.py	function	.repo_studios.scripts.producers.collect_test_log_reports.main	257	missing docstring
.repo_studios/scripts/utilities/refresh_mypy_baselines.py	function	.repo_studios.scripts.utilities.refresh_mypy_baselines.run	35	missing docstring
.repo_studios/scripts/utilities/refresh_mypy_baselines.py	function	.repo_studios.scripts.utilities.refresh_mypy_baselines.refresh	43	missing docstring
.repo_studios/scripts/summarizers/summarize_health_suite.py	function	.repo_studios.scripts.summarizers.summarize_health_suite.main	567	missing docstring
.repo_studios/scripts/summarizers/summarize_standards.py	function	.repo_studios.scripts.summarizers.summarize_standards.main	68	missing docstring
.repo_studios/scripts/utilities/dump_faulthandler_snapshot.py	function	.repo_studios.scripts.utilities.dump_faulthandler_snapshot.main	14	missing docstring
