slug	count	file_count	files	locations
invocation	19	19	.repo_studios/docs/automation/analyze_test_hardening.md,.repo_studios/docs/automation/collect_faulthandler_reports.md,.repo_studios/docs/automation/collect_test_log_reports.md,.repo_studios/docs/automation/diff_standards_index.md,.repo_studios/docs/automation/extract_standards_rules.md,.repo_studios/docs/automation/generate_dependency_hygiene_report.md,.repo_studios/docs/automation/generate_lizard_report.md,.repo_studios/docs/automation/generate_standards_index.md,.repo_studios/docs/automation/generate_test_coverage_inventory.md,.repo_studios/docs/automation/generate_typecheck_report.md,.repo_studios/docs/automation/render_inventory_views.md,.repo_studios/docs/automation/scan_code_placeholders.md,.repo_studios/docs/automation/scan_monkey_patches.md,.repo_studios/docs/automation/seed_standards_prompts.md,.repo_studios/docs/automation/validate_import_boundaries.md,.repo_studios/docs/automation/validate_inventory.md,.repo_studios/docs/automation/validate_markdown_anchors.md,.repo_studios/docs/automation/validate_metrics_anchor_stubs.md,.repo_studios/docs/automation/verify_docs_integrity.md	.repo_studios/docs/automation/analyze_test_hardening.md:9;.repo_studios/docs/automation/collect_faulthandler_reports.md:9;.repo_studios/docs/automation/collect_test_log_reports.md:9;.repo_studios/docs/automation/diff_standards_index.md:9;.repo_studios/docs/automation/extract_standards_rules.md:50;.repo_studios/docs/automation/generate_dependency_hygiene_report.md:9;.repo_studios/docs/automation/generate_lizard_report.md:9;.repo_studios/docs/automation/generate_standards_index.md:9;.repo_studios/docs/automation/generate_test_coverage_inventory.md:9;.repo_studios/docs/automation/generate_typecheck_report.md:5;.repo_studios/docs/automation/render_inventory_views.md:5;.repo_studios/docs/automation/scan_code_placeholders.md:9;.repo_studios/docs/automation/scan_monkey_patches.md:9;.repo_studios/docs/automation/seed_standards_prompts.md:9;.repo_studios/docs/automation/validate_import_boundaries.md:9;.repo_studios/docs/automation/validate_inventory.md:5;.repo_studios/docs/automation/validate_markdown_anchors.md:9;.repo_studios/docs/automation/validate_metrics_anchor_stubs.md:12;.repo_studios/docs/automation/verify_docs_integrity.md:7
outputs	18	18	.repo_studios/docs/automation/analyze_test_hardening.md,.repo_studios/docs/automation/collect_faulthandler_reports.md,.repo_studios/docs/automation/collect_test_log_reports.md,.repo_studios/docs/automation/diff_standards_index.md,.repo_studios/docs/automation/generate_dependency_hygiene_report.md,.repo_studios/docs/automation/generate_lizard_report.md,.repo_studios/docs/automation/generate_standards_index.md,.repo_studios/docs/automation/generate_test_coverage_inventory.md,.repo_studios/docs/automation/generate_typecheck_report.md,.repo_studios/docs/automation/render_inventory_views.md,.repo_studios/docs/automation/scan_code_placeholders.md,.repo_studios/docs/automation/scan_monkey_patches.md,.repo_studios/docs/automation/seed_standards_prompts.md,.repo_studios/docs/automation/validate_import_boundaries.md,.repo_studios/docs/automation/validate_inventory.md,.repo_studios/docs/automation/validate_markdown_anchors.md,.repo_studios/docs/automation/validate_metrics_anchor_stubs.md,.repo_studios/docs/playbooks/playbook-memory-refresh.md	.repo_studios/docs/automation/analyze_test_hardening.md:30;.repo_studios/docs/automation/collect_faulthandler_reports.md:30;.repo_studios/docs/automation/collect_test_log_reports.md:29;.repo_studios/docs/automation/diff_standards_index.md:38;.repo_studios/docs/automation/generate_dependency_hygiene_report.md:32;.repo_studios/docs/automation/generate_lizard_report.md:37;.repo_studios/docs/automation/generate_standards_index.md:40;.repo_studios/docs/automation/generate_test_coverage_inventory.md:37;.repo_studios/docs/automation/generate_typecheck_report.md:26;.repo_studios/docs/automation/render_inventory_views.md:21;.repo_studios/docs/automation/scan_code_placeholders.md:37;.repo_studios/docs/automation/scan_monkey_patches.md:39;.repo_studios/docs/automation/seed_standards_prompts.md:32;.repo_studios/docs/automation/validate_import_boundaries.md:30;.repo_studios/docs/automation/validate_inventory.md:22;.repo_studios/docs/automation/validate_markdown_anchors.md:29;.repo_studios/docs/automation/validate_metrics_anchor_stubs.md:36;.repo_studios/docs/playbooks/playbook-memory-refresh.md:64
purpose	18	18	.repo_studios/docs/automation/analyze_test_hardening.md,.repo_studios/docs/automation/collect_faulthandler_reports.md,.repo_studios/docs/automation/collect_test_log_reports.md,.repo_studios/docs/automation/diff_standards_index.md,.repo_studios/docs/automation/extract_standards_rules.md,.repo_studios/docs/automation/generate_dependency_hygiene_report.md,.repo_studios/docs/automation/generate_doc_index.md,.repo_studios/docs/automation/generate_lizard_report.md,.repo_studios/docs/automation/generate_standards_index.md,.repo_studios/docs/automation/generate_test_coverage_inventory.md,.repo_studios/docs/automation/scan_code_placeholders.md,.repo_studios/docs/automation/scan_monkey_patches.md,.repo_studios/docs/automation/seed_standards_prompts.md,.repo_studios/docs/automation/traceability/aggregator_dependency_audit.md,.repo_studios/docs/automation/validate_import_boundaries.md,.repo_studios/docs/automation/validate_markdown_anchors.md,.repo_studios/docs/automation/validate_metrics_anchor_stubs.md,.repo_studios/docs/standards/global/std-global-prompt-engineering.md	.repo_studios/docs/automation/analyze_test_hardening.md:5;.repo_studios/docs/automation/collect_faulthandler_reports.md:5;.repo_studios/docs/automation/collect_test_log_reports.md:5;.repo_studios/docs/automation/diff_standards_index.md:5;.repo_studios/docs/automation/extract_standards_rules.md:5;.repo_studios/docs/automation/generate_dependency_hygiene_report.md:5;.repo_studios/docs/automation/generate_doc_index.md:5;.repo_studios/docs/automation/generate_lizard_report.md:5;.repo_studios/docs/automation/generate_standards_index.md:5;.repo_studios/docs/automation/generate_test_coverage_inventory.md:5;.repo_studios/docs/automation/scan_code_placeholders.md:5;.repo_studios/docs/automation/scan_monkey_patches.md:5;.repo_studios/docs/automation/seed_standards_prompts.md:5;.repo_studios/docs/automation/traceability/aggregator_dependency_audit.md:3;.repo_studios/docs/automation/validate_import_boundaries.md:5;.repo_studios/docs/automation/validate_markdown_anchors.md:5;.repo_studios/docs/automation/validate_metrics_anchor_stubs.md:5;.repo_studios/docs/standards/global/std-global-prompt-engineering.md:29
testing	18	18	.repo_studios/docs/automation/analyze_test_hardening.md,.repo_studios/docs/automation/collect_faulthandler_reports.md,.repo_studios/docs/automation/collect_test_log_reports.md,.repo_studios/docs/automation/diff_standards_index.md,.repo_studios/docs/automation/extract_standards_rules.md,.repo_studios/docs/automation/generate_dependency_hygiene_report.md,.repo_studios/docs/automation/generate_lizard_report.md,.repo_studios/docs/automation/generate_standards_index.md,.repo_studios/docs/automation/generate_test_coverage_inventory.md,.repo_studios/docs/automation/generate_typecheck_report.md,.repo_studios/docs/automation/render_inventory_views.md,.repo_studios/docs/automation/scan_code_placeholders.md,.repo_studios/docs/automation/scan_monkey_patches.md,.repo_studios/docs/automation/seed_standards_prompts.md,.repo_studios/docs/automation/validate_import_boundaries.md,.repo_studios/docs/automation/validate_inventory.md,.repo_studios/docs/automation/validate_markdown_anchors.md,.repo_studios/docs/automation/validate_metrics_anchor_stubs.md	.repo_studios/docs/automation/analyze_test_hardening.md:53;.repo_studios/docs/automation/collect_faulthandler_reports.md:54;.repo_studios/docs/automation/collect_test_log_reports.md:56;.repo_studios/docs/automation/diff_standards_index.md:58;.repo_studios/docs/automation/extract_standards_rules.md:86;.repo_studios/docs/automation/generate_dependency_hygiene_report.md:64;.repo_studios/docs/automation/generate_lizard_report.md:70;.repo_studios/docs/automation/generate_standards_index.md:72;.repo_studios/docs/automation/generate_test_coverage_inventory.md:59;.repo_studios/docs/automation/generate_typecheck_report.md:47;.repo_studios/docs/automation/render_inventory_views.md:45;.repo_studios/docs/automation/scan_code_placeholders.md:77;.repo_studios/docs/automation/scan_monkey_patches.md:77;.repo_studios/docs/automation/seed_standards_prompts.md:59;.repo_studios/docs/automation/validate_import_boundaries.md:55;.repo_studios/docs/automation/validate_inventory.md:46;.repo_studios/docs/automation/validate_markdown_anchors.md:47;.repo_studios/docs/automation/validate_metrics_anchor_stubs.md:64
operational-notes	15	15	.repo_studios/docs/automation/analyze_test_hardening.md,.repo_studios/docs/automation/collect_faulthandler_reports.md,.repo_studios/docs/automation/collect_test_log_reports.md,.repo_studios/docs/automation/diff_standards_index.md,.repo_studios/docs/automation/generate_dependency_hygiene_report.md,.repo_studios/docs/automation/generate_lizard_report.md,.repo_studios/docs/automation/generate_standards_index.md,.repo_studios/docs/automation/generate_test_coverage_inventory.md,.repo_studios/docs/automation/scan_code_placeholders.md,.repo_studios/docs/automation/scan_monkey_patches.md,.repo_studios/docs/automation/seed_standards_prompts.md,.repo_studios/docs/automation/validate_import_boundaries.md,.repo_studios/docs/automation/validate_markdown_anchors.md,.repo_studios/docs/automation/validate_metrics_anchor_stubs.md,.repo_studios/docs/directory_layout.md	.repo_studios/docs/automation/analyze_test_hardening.md:59;.repo_studios/docs/automation/collect_faulthandler_reports.md:60;.repo_studios/docs/automation/collect_test_log_reports.md:62;.repo_studios/docs/automation/diff_standards_index.md:62;.repo_studios/docs/automation/generate_dependency_hygiene_report.md:69;.repo_studios/docs/automation/generate_lizard_report.md:75;.repo_studios/docs/automation/generate_standards_index.md:77;.repo_studios/docs/automation/generate_test_coverage_inventory.md:64;.repo_studios/docs/automation/scan_code_placeholders.md:83;.repo_studios/docs/automation/scan_monkey_patches.md:83;.repo_studios/docs/automation/seed_standards_prompts.md:65;.repo_studios/docs/automation/validate_import_boundaries.md:61;.repo_studios/docs/automation/validate_markdown_anchors.md:55;.repo_studios/docs/automation/validate_metrics_anchor_stubs.md:71;.repo_studios/docs/directory_layout.md:25
agent-block-machine-readable	10	10	.repo_studios/docs/playbooks/playbook-agent-operations.md,.repo_studios/docs/playbooks/playbook-memory-refresh.md,.repo_studios/docs/playbooks/playbook-migration.md,.repo_studios/docs/playbooks/playbook-prompt-library.md,.repo_studios/docs/standards/global/std-global-html-coding.md,.repo_studios/docs/standards/global/std-global-markdown-authoring.md,.repo_studios/docs/standards/global/std-global-monkey-patching.md,.repo_studios/docs/standards/global/std-global-prompt-engineering.md,.repo_studios/docs/standards/global/std-global-python-engineering.md,.repo_studios/docs/standards/project/std-project-operating-standard.md	.repo_studios/docs/playbooks/playbook-agent-operations.md:96;.repo_studios/docs/playbooks/playbook-memory-refresh.md:113;.repo_studios/docs/playbooks/playbook-migration.md:76;.repo_studios/docs/playbooks/playbook-prompt-library.md:74;.repo_studios/docs/standards/global/std-global-html-coding.md:126;.repo_studios/docs/standards/global/std-global-markdown-authoring.md:152;.repo_studios/docs/standards/global/std-global-monkey-patching.md:178;.repo_studios/docs/standards/global/std-global-prompt-engineering.md:143;.repo_studios/docs/standards/global/std-global-python-engineering.md:280;.repo_studios/docs/standards/project/std-project-operating-standard.md:132
diagnostics	7	7	.repo_studios/docs/automation/collect_faulthandler_reports.md,.repo_studios/docs/automation/collect_test_log_reports.md,.repo_studios/docs/automation/scan_code_placeholders.md,.repo_studios/docs/automation/scan_monkey_patches.md,.repo_studios/docs/automation/seed_standards_prompts.md,.repo_studios/docs/automation/validate_import_boundaries.md,.repo_studios/docs/automation/validate_metrics_anchor_stubs.md	.repo_studios/docs/automation/collect_faulthandler_reports.md:42;.repo_studios/docs/automation/collect_test_log_reports.md:42;.repo_studios/docs/automation/scan_code_placeholders.md:57;.repo_studios/docs/automation/scan_monkey_patches.md:69;.repo_studios/docs/automation/seed_standards_prompts.md:52;.repo_studios/docs/automation/validate_import_boundaries.md:48;.repo_studios/docs/automation/validate_metrics_anchor_stubs.md:56
status-semantics	6	6	.repo_studios/docs/automation/diff_standards_index.md,.repo_studios/docs/automation/generate_dependency_hygiene_report.md,.repo_studios/docs/automation/generate_lizard_report.md,.repo_studios/docs/automation/generate_standards_index.md,.repo_studios/docs/automation/generate_test_coverage_inventory.md,.repo_studios/docs/automation/validate_markdown_anchors.md	.repo_studios/docs/automation/diff_standards_index.md:50;.repo_studios/docs/automation/generate_dependency_hygiene_report.md:51;.repo_studios/docs/automation/generate_lizard_report.md:63;.repo_studios/docs/automation/generate_standards_index.md:66;.repo_studios/docs/automation/generate_test_coverage_inventory.md:51;.repo_studios/docs/automation/validate_markdown_anchors.md:38
anchor-health-reminder	4	4	.repo_studios/docs/standards/global/std-global-monkey-patching.md,.repo_studios/docs/standards/global/std-global-prompt-engineering.md,.repo_studios/docs/standards/global/std-global-python-engineering.md,.repo_studios/docs/standards/project/std-project-operating-standard.md	.repo_studios/docs/standards/global/std-global-monkey-patching.md:172;.repo_studios/docs/standards/global/std-global-prompt-engineering.md:137;.repo_studios/docs/standards/global/std-global-python-engineering.md:274;.repo_studios/docs/standards/project/std-project-operating-standard.md:126
references	4	4	.repo_studios/docs/automation/refactor_library_integration_notes.md,.repo_studios/docs/standards/global/std-global-html-coding.md,.repo_studios/docs/standards/global/std-global-monkey-patching.md,.repo_studios/docs/standards/global/std-global-prompt-engineering.md	.repo_studios/docs/automation/refactor_library_integration_notes.md:92;.repo_studios/docs/standards/global/std-global-html-coding.md:120;.repo_studios/docs/standards/global/std-global-monkey-patching.md:164;.repo_studios/docs/standards/global/std-global-prompt-engineering.md:129
anchor-health-cross-link	3	3	.repo_studios/docs/standards/global/std-global-chainlit-ui.md,.repo_studios/docs/standards/global/std-global-code-cleanup.md,.repo_studios/docs/standards/global/std-global-html-coding.md	.repo_studios/docs/standards/global/std-global-chainlit-ui.md:197;.repo_studios/docs/standards/global/std-global-code-cleanup.md:133;.repo_studios/docs/standards/global/std-global-html-coding.md:156
anti-patterns-to-avoid	3	3	.repo_studios/docs/standards/global/std-global-html-coding.md,.repo_studios/docs/standards/global/std-global-markdown-authoring.md,.repo_studios/docs/standards/global/std-global-python-engineering.md	.repo_studios/docs/standards/global/std-global-html-coding.md:88;.repo_studios/docs/standards/global/std-global-markdown-authoring.md:89;.repo_studios/docs/standards/global/std-global-python-engineering.md:256
current-state	3	3	.repo_studios/docs/automation/traceability/analyze_monkey_patch_trends_modernization_plan.md,.repo_studios/docs/automation/traceability/generate_churn_complexity_heatmap_modernization_plan.md,.repo_studios/docs/automation/traceability/run_batch_cleanup_modernization_plan.md	.repo_studios/docs/automation/traceability/analyze_monkey_patch_trends_modernization_plan.md:9;.repo_studios/docs/automation/traceability/generate_churn_complexity_heatmap_modernization_plan.md:7;.repo_studios/docs/automation/traceability/run_batch_cleanup_modernization_plan.md:14
implementation-steps	3	3	.repo_studios/docs/automation/traceability/analyze_monkey_patch_trends_modernization_plan.md,.repo_studios/docs/automation/traceability/generate_churn_complexity_heatmap_modernization_plan.md,.repo_studios/docs/automation/traceability/run_batch_cleanup_modernization_plan.md	.repo_studios/docs/automation/traceability/analyze_monkey_patch_trends_modernization_plan.md:27;.repo_studios/docs/automation/traceability/generate_churn_complexity_heatmap_modernization_plan.md:26;.repo_studios/docs/automation/traceability/run_batch_cleanup_modernization_plan.md:40
objective	3	3	.repo_studios/docs/automation/traceability/analyze_monkey_patch_trends_modernization_plan.md,.repo_studios/docs/automation/traceability/generate_churn_complexity_heatmap_modernization_plan.md,.repo_studios/docs/automation/traceability/run_batch_cleanup_modernization_plan.md	.repo_studios/docs/automation/traceability/analyze_monkey_patch_trends_modernization_plan.md:5;.repo_studios/docs/automation/traceability/generate_churn_complexity_heatmap_modernization_plan.md:3;.repo_studios/docs/automation/traceability/run_batch_cleanup_modernization_plan.md:10
open-questions	3	3	.repo_studios/docs/automation/traceability/analyze_monkey_patch_trends_modernization_plan.md,.repo_studios/docs/automation/traceability/generate_churn_complexity_heatmap_modernization_plan.md,.repo_studios/docs/automation/traceability/run_batch_cleanup_modernization_plan.md	.repo_studios/docs/automation/traceability/analyze_monkey_patch_trends_modernization_plan.md:76;.repo_studios/docs/automation/traceability/generate_churn_complexity_heatmap_modernization_plan.md:74;.repo_studios/docs/automation/traceability/run_batch_cleanup_modernization_plan.md:76
quick-checklists	3	3	.repo_studios/docs/standards/global/std-global-html-coding.md,.repo_studios/docs/standards/global/std-global-monkey-patching.md,.repo_studios/docs/standards/global/std-global-prompt-engineering.md	.repo_studios/docs/standards/global/std-global-html-coding.md:104;.repo_studios/docs/standards/global/std-global-monkey-patching.md:146;.repo_studios/docs/standards/global/std-global-prompt-engineering.md:101
target-architecture	3	3	.repo_studios/docs/automation/traceability/analyze_monkey_patch_trends_modernization_plan.md,.repo_studios/docs/automation/traceability/generate_churn_complexity_heatmap_modernization_plan.md,.repo_studios/docs/automation/traceability/run_batch_cleanup_modernization_plan.md	.repo_studios/docs/automation/traceability/analyze_monkey_patch_trends_modernization_plan.md:16;.repo_studios/docs/automation/traceability/generate_churn_complexity_heatmap_modernization_plan.md:15;.repo_studios/docs/automation/traceability/run_batch_cleanup_modernization_plan.md:27
acceptance-criteria	2	2	.repo_studios/docs/automation/traceability/analyze_monkey_patch_trends_modernization_plan.md,.repo_studios/docs/automation/traceability/run_batch_cleanup_modernization_plan.md	.repo_studios/docs/automation/traceability/analyze_monkey_patch_trends_modernization_plan.md:68;.repo_studios/docs/automation/traceability/run_batch_cleanup_modernization_plan.md:68
anti-patterns	2	2	.repo_studios/docs/standards/global/std-global-monkey-patching.md,.repo_studios/docs/standards/global/std-global-prompt-engineering.md	.repo_studios/docs/standards/global/std-global-monkey-patching.md:137;.repo_studios/docs/standards/global/std-global-prompt-engineering.md:119
authoring-guidelines	2	2	.repo_studios/docs/standards/global/README.md,.repo_studios/docs/standards/project/README.md	.repo_studios/docs/standards/global/README.md:22;.repo_studios/docs/standards/project/README.md:25
change-history	2	2	.repo_studios/docs/standards/global/std-global-html-coding.md,.repo_studios/docs/standards/global/std-global-prompt-engineering.md	.repo_studios/docs/standards/global/std-global-html-coding.md:151;.repo_studios/docs/standards/global/std-global-prompt-engineering.md:185
decisions-captured	2	2	.repo_studios/docs/automation/function_inventory_integration_plan.md,.repo_studios/docs/templates/integration_alignment_template.md	.repo_studios/docs/automation/function_inventory_integration_plan.md:128;.repo_studios/docs/templates/integration_alignment_template.md:97
dependencies-coordination	2	2	.repo_studios/docs/automation/traceability/analyze_monkey_patch_trends_modernization_plan.md,.repo_studios/docs/automation/traceability/run_batch_cleanup_modernization_plan.md	.repo_studios/docs/automation/traceability/analyze_monkey_patch_trends_modernization_plan.md:62;.repo_studios/docs/automation/traceability/run_batch_cleanup_modernization_plan.md:62
future-enhancements	2	2	.repo_studios/docs/automation/function_analysis_guide.md,.repo_studios/docs/automation/standards-extraction-spec.md	.repo_studios/docs/automation/function_analysis_guide.md:91;.repo_studios/docs/automation/standards-extraction-spec.md:167
goals	2	2	.repo_studios/docs/automation/ci_metrics_checks.md,.repo_studios/docs/automation/standards-extraction-spec.md	.repo_studios/docs/automation/ci_metrics_checks.md:7;.repo_studios/docs/automation/standards-extraction-spec.md:27
integration-notes	2	2	.repo_studios/docs/automation/extract_standards_rules.md,.repo_studios/docs/automation/verify_docs_integrity.md	.repo_studios/docs/automation/extract_standards_rules.md:92;.repo_studios/docs/automation/verify_docs_integrity.md:54
migration-notes	2	2	.repo_studios/docs/standards/global/README.md,.repo_studios/docs/standards/project/README.md	.repo_studios/docs/standards/global/README.md:28;.repo_studios/docs/standards/project/README.md:31
next-actions	2	2	.repo_studios/docs/automation/ci_metrics_checks.md,.repo_studios/docs/automation/traceability/aggregator_dependency_audit.md	.repo_studios/docs/automation/ci_metrics_checks.md:43;.repo_studios/docs/automation/traceability/aggregator_dependency_audit.md:28
notes	2	2	.repo_studios/docs/automation/orchestrator_automation_hooks.md,.repo_studios/docs/templates/structural_checklist_template.md	.repo_studios/docs/automation/orchestrator_automation_hooks.md:14;.repo_studios/docs/templates/structural_checklist_template.md:26
outstanding-considerations	2	2	.repo_studios/docs/automation/function_inventory_integration_plan.md,.repo_studios/docs/templates/integration_alignment_template.md	.repo_studios/docs/automation/function_inventory_integration_plan.md:141;.repo_studios/docs/templates/integration_alignment_template.md:106
overview	2	2	.repo_studios/docs/automation/traceability/producer_consumer_traceability_audit.md,.repo_studios/docs/automation/verify_docs_integrity.md	.repo_studios/docs/automation/traceability/producer_consumer_traceability_audit.md:6;.repo_studios/docs/automation/verify_docs_integrity.md:3
phase-1-foundation-inventory	2	2	.repo_studios/docs/repo_studios_build_plan.md,.repo_studios/docs/templates/structural_checklist_template.md	.repo_studios/docs/repo_studios_build_plan.md:19;.repo_studios/docs/templates/structural_checklist_template.md:10
phase-2-migration-normalization	2	2	.repo_studios/docs/repo_studios_build_plan.md,.repo_studios/docs/templates/structural_checklist_template.md	.repo_studios/docs/repo_studios_build_plan.md:35;.repo_studios/docs/templates/structural_checklist_template.md:16
phase-3-automation-quality-gates	2	2	.repo_studios/docs/repo_studios_build_plan.md,.repo_studios/docs/templates/structural_checklist_template.md	.repo_studios/docs/repo_studios_build_plan.md:49;.repo_studios/docs/templates/structural_checklist_template.md:21
script-inventory-template	2	2	.repo_studios/docs/templates/script_inventory.md,.repo_studios/docs/templates/script_inventory_template.md	.repo_studios/docs/templates/script_inventory.md:1;.repo_studios/docs/templates/script_inventory_template.md:1
self-improvement-protocol	2	2	.repo_studios/docs/standards/global/std-global-code-cleanup.md,.repo_studios/docs/standards/global/std-global-html-coding.md	.repo_studios/docs/standards/global/std-global-code-cleanup.md:72;.repo_studios/docs/standards/global/std-global-html-coding.md:97
success-criteria	2	2	.repo_studios/docs/playbooks/playbook-memory-refresh.md,.repo_studios/docs/standards/global/std-global-mission-parameters.md	.repo_studios/docs/playbooks/playbook-memory-refresh.md:72;.repo_studios/docs/standards/global/std-global-mission-parameters.md:103
1-record-structure	1	1	.repo_studios/docs/inventory_schema_spec.md	.repo_studios/docs/inventory_schema_spec.md:7
2-enumerations	1	1	.repo_studios/docs/inventory_schema_spec.md	.repo_studios/docs/inventory_schema_spec.md:33
3-dependency-block	1	1	.repo_studios/docs/inventory_schema_spec.md	.repo_studios/docs/inventory_schema_spec.md:79
4-notes-block	1	1	.repo_studios/docs/inventory_schema_spec.md	.repo_studios/docs/inventory_schema_spec.md:96
5-example-entry	1	1	.repo_studios/docs/inventory_schema_spec.md	.repo_studios/docs/inventory_schema_spec.md:111
6-validation-requirements	1	1	.repo_studios/docs/inventory_schema_spec.md	.repo_studios/docs/inventory_schema_spec.md:139
7-future-extensions	1	1	.repo_studios/docs/inventory_schema_spec.md	.repo_studios/docs/inventory_schema_spec.md:148
accessibility-a11y	1	1	.repo_studios/docs/standards/global/std-global-html-coding.md	.repo_studios/docs/standards/global/std-global-html-coding.md:59
action-items	1	1	.repo_studios/docs/inventory/inventory-notes.md	.repo_studios/docs/inventory/inventory-notes.md:68
actions	1	1	.repo_studios/docs/templates/agent_note_template.md	.repo_studios/docs/templates/agent_note_template.md:17
active-producer-consumer-pairings	1	1	.repo_studios/docs/automation/traceability/producer_consumer_traceability_audit.md	.repo_studios/docs/automation/traceability/producer_consumer_traceability_audit.md:18
add-to-dev-requirements	1	1	.repo_studios/docs/standards/project/std-project-python-instructions.md	.repo_studios/docs/standards/project/std-project-python-instructions.md:591
agent-note-template	1	1	.repo_studios/docs/templates/agent_note_template.md	.repo_studios/docs/templates/agent_note_template.md:1
aggregator-dependency-audit-draft-2025-11-24	1	1	.repo_studios/docs/automation/traceability/aggregator_dependency_audit.md	.repo_studios/docs/automation/traceability/aggregator_dependency_audit.md:1
ai-agent-compatibility	1	1	.repo_studios/docs/standards/global/std-global-html-coding.md	.repo_studios/docs/standards/global/std-global-html-coding.md:67
ai-ingestibility-requirements	1	1	.repo_studios/docs/standards/global/std-global-markdown-authoring.md	.repo_studios/docs/standards/global/std-global-markdown-authoring.md:65
alignment-considerations	1	1	.repo_studios/docs/automation/refactor_library_integration_notes.md	.repo_studios/docs/automation/refactor_library_integration_notes.md:46
alignment-with-repo-studios-orchestration	1	1	.repo_studios/docs/standards/global/std-global-chainlit-ui.md	.repo_studios/docs/standards/global/std-global-chainlit-ui.md:190
allowlist-format	1	1	.repo_studios/docs/automation/scan_code_placeholders.md	.repo_studios/docs/automation/scan_code_placeholders.md:65
analyze-monkey-patch-trends-modernization-plan-draft-2025-11-24	1	1	.repo_studios/docs/automation/traceability/analyze_monkey_patch_trends_modernization_plan.md	.repo_studios/docs/automation/traceability/analyze_monkey_patch_trends_modernization_plan.md:1
analyzetesthardeningpy	1	1	.repo_studios/docs/automation/analyze_test_hardening.md	.repo_studios/docs/automation/analyze_test_hardening.md:1
anchor-resolution	1	1	.repo_studios/docs/automation/standards-extraction-spec.md	.repo_studios/docs/automation/standards-extraction-spec.md:108
appendices	1	1	.repo_studios/docs/Repo_Studios_MOU_Strategic_Architecture.md	.repo_studios/docs/Repo_Studios_MOU_Strategic_Architecture.md:544
applies-to-guessing	1	1	.repo_studios/docs/automation/standards-extraction-spec.md	.repo_studios/docs/automation/standards-extraction-spec.md:85
approved-use-cases	1	1	.repo_studios/docs/standards/global/std-global-monkey-patching.md	.repo_studios/docs/standards/global/std-global-monkey-patching.md:58
artifact-overview	1	1	.repo_studios/docs/automation/function_analysis_guide.md	.repo_studios/docs/automation/function_analysis_guide.md:9
artifacts	1	1	.repo_studios/docs/automation/verify_docs_integrity.md	.repo_studios/docs/automation/verify_docs_integrity.md:32
async-and-api-guidance	1	1	.repo_studios/docs/standards/global/std-global-python-engineering.md	.repo_studios/docs/standards/global/std-global-python-engineering.md:85
async-patterns-and-cancellation	1	1	.repo_studios/docs/standards/global/std-global-chainlit-ui.md	.repo_studios/docs/standards/global/std-global-chainlit-ui.md:64
asynchrony-state	1	1	.repo_studios/docs/standards/global/std-global-javascript-engineering.md	.repo_studios/docs/standards/global/std-global-javascript-engineering.md:24
authoring-requirements	1	1	.repo_studios/docs/standards/global/std-global-monkey-patching.md	.repo_studios/docs/standards/global/std-global-monkey-patching.md:68
autofix-mismatched-hashes-and-skip-table-regeneration	1	1	.repo_studios/docs/automation/verify_docs_integrity.md	.repo_studios/docs/automation/verify_docs_integrity.md:19
automation-visibility	1	1	standards/project/std-project-operating-standard.md	standards/project/std-project-operating-standard.md:18
backward-compatibility	1	1	.repo_studios/docs/automation/standards-index-schema.md	.repo_studios/docs/automation/standards-index-schema.md:141
behavioral-standards	1	1	.repo_studios/docs/standards/project/std-project-operating-standard.md	.repo_studios/docs/standards/project/std-project-operating-standard.md:76
best-practices	1	1	.repo_studios/docs/standards/global/std-global-markdown-authoring.md	.repo_studios/docs/standards/global/std-global-markdown-authoring.md:73
builtin-constraints	1	1	standards/global/std-global-monkey-patching.md	standards/global/std-global-monkey-patching.md:12
candidate-detection	1	1	.repo_studios/docs/automation/standards-extraction-spec.md	.repo_studios/docs/automation/standards-extraction-spec.md:49
canonical-section-order	1	1	.repo_studios/docs/standards/global/std-global-markdown-authoring.md	.repo_studios/docs/standards/global/std-global-markdown-authoring.md:140
ci-consumption-patterns	1	1	.repo_studios/docs/inventory_reports.md	.repo_studios/docs/inventory_reports.md:32
ci-metrics-checks-for-inventory-reports	1	1	.repo_studios/docs/automation/ci_metrics_checks.md	.repo_studios/docs/automation/ci_metrics_checks.md:1
ci-ratcheting-runtime-guards	1	1	.repo_studios/docs/standards/global/std-global-monkey-patching.md	.repo_studios/docs/standards/global/std-global-monkey-patching.md:118
collaboration-protocol	1	1	.repo_studios/docs/playbooks/playbook-agent-operations.md	.repo_studios/docs/playbooks/playbook-agent-operations.md:88
collectfaulthandlerreportspy	1	1	.repo_studios/docs/automation/collect_faulthandler_reports.md	.repo_studios/docs/automation/collect_faulthandler_reports.md:1
collecttestlogreportspy	1	1	.repo_studios/docs/automation/collect_test_log_reports.md	.repo_studios/docs/automation/collect_test_log_reports.md:1
common-layout-patterns	1	1	.repo_studios/docs/standards/global/std-global-html-coding.md	.repo_studios/docs/standards/global/std-global-html-coding.md:80
completion-criteria	1	1	.repo_studios/docs/standards/global/std-global-code-cleanup.md	.repo_studios/docs/standards/global/std-global-code-cleanup.md:125
complexity-guardrails	1	1	.repo_studios/docs/standards/global/std-global-python-engineering.md	.repo_studios/docs/standards/global/std-global-python-engineering.md:226
concerns	1	1	.repo_studios/docs/inventory/inventory-notes.md	.repo_studios/docs/inventory/inventory-notes.md:108
configuration-and-secrets	1	1	.repo_studios/docs/standards/global/std-global-python-engineering.md	.repo_studios/docs/standards/global/std-global-python-engineering.md:145
configuration-notes	1	1	.repo_studios/docs/inventory_validation.md	.repo_studios/docs/inventory_validation.md:57
constraints-and-non-goals	1	1	.repo_studios/docs/standards/global/std-global-mission-parameters.md	.repo_studios/docs/standards/global/std-global-mission-parameters.md:96
context	1	1	.repo_studios/docs/templates/agent_note_template.md	.repo_studios/docs/templates/agent_note_template.md:14
continuous-improvement	1	1	.repo_studios/docs/standards/global/std-global-python-engineering.md	.repo_studios/docs/standards/global/std-global-python-engineering.md:266
core-principles	1	1	.repo_studios/docs/standards/global/std-global-prompt-engineering.md	.repo_studios/docs/standards/global/std-global-prompt-engineering.md:37
core-responsibilities	1	1	.repo_studios/docs/playbooks/playbook-agent-operations.md	.repo_studios/docs/playbooks/playbook-agent-operations.md:41
core-rules	1	1	.repo_studios/docs/playbooks/playbook-prompt-library.md	.repo_studios/docs/playbooks/playbook-prompt-library.md:29
current-aggregator-inputs	1	1	.repo_studios/docs/automation/traceability/aggregator_dependency_audit.md	.repo_studios/docs/automation/traceability/aggregator_dependency_audit.md:9
current-structure	1	1	.repo_studios/docs/directory_layout.md	.repo_studios/docs/directory_layout.md:7
daily-command-checklist	1	1	.repo_studios/docs/playbooks/playbook-agent-operations.md	.repo_studios/docs/playbooks/playbook-agent-operations.md:50
data-shape	1	1	.repo_studios/docs/automation/generate_doc_index.md	.repo_studios/docs/automation/generate_doc_index.md:25
database-and-performance-hygiene	1	1	.repo_studios/docs/standards/global/std-global-python-engineering.md	.repo_studios/docs/standards/global/std-global-python-engineering.md:188
de-dupe-merge-seeds-merge-overrides-validate-sort-emit	1	1	.repo_studios/docs/automation/standards-extraction-spec.md	.repo_studios/docs/automation/standards-extraction-spec.md:157
decision-log-pending	1	1	.repo_studios/docs/automation/refactor_library_integration_notes.md	.repo_studios/docs/automation/refactor_library_integration_notes.md:81
decisions	1	1	standards/global/std-global-mission-parameters.md	standards/global/std-global-mission-parameters.md:12
deduplication	1	1	.repo_studios/docs/automation/standards-extraction-spec.md	.repo_studios/docs/automation/standards-extraction-spec.md:104
default-index-path-and-output-location	1	1	.repo_studios/docs/automation/verify_docs_integrity.md	.repo_studios/docs/automation/verify_docs_integrity.md:10
deliverables-snapshot	1	1	.repo_studios/docs/repo_studios_build_plan.md	.repo_studios/docs/repo_studios_build_plan.md:92
dependencies-environment	1	1	.repo_studios/docs/standards/project/std-project-operating-standard.md	.repo_studios/docs/standards/project/std-project-operating-standard.md:53
dependency-management	1	1	standards/project/std-project-operating-standard.md	standards/project/std-project-operating-standard.md:12
design-decisions-required	1	1	.repo_studios/docs/templates/integration_alignment_template.md	.repo_studios/docs/templates/integration_alignment_template.md:114
designdecisionsrequired	1	1	.repo_studios/docs/automation/function_inventory_integration_plan.md	.repo_studios/docs/automation/function_inventory_integration_plan.md:156
detection-baseline	1	1	.repo_studios/docs/standards/global/std-global-monkey-patching.md	.repo_studios/docs/standards/global/std-global-monkey-patching.md:48
deterministic-ordering	1	1	.repo_studios/docs/automation/standards-index-schema.md	.repo_studios/docs/automation/standards-index-schema.md:128
deterministic-sorting	1	1	.repo_studios/docs/automation/standards-extraction-spec.md	.repo_studios/docs/automation/standards-extraction-spec.md:134
diagnostics-and-error-handling	1	1	.repo_studios/docs/automation/extract_standards_rules.md	.repo_studios/docs/automation/extract_standards_rules.md:80
diffstandardsindexpy	1	1	.repo_studios/docs/automation/diff_standards_index.md	.repo_studios/docs/automation/diff_standards_index.md:1
directory-layout-reference	1	1	.repo_studios/docs/directory_layout.md	.repo_studios/docs/directory_layout.md:1
do-work	1	1	.repo_studios/docs/standards/global/std-global-chainlit-ui.md	.repo_studios/docs/standards/global/std-global-chainlit-ui.md:92
docs-integrity-handbook	1	1	standards/global/std-docs-integrity-handbook.md	standards/global/std-docs-integrity-handbook.md:1
docstring-patterns	1	1	.repo_studios/docs/standards/global/std-global-python-engineering.md	.repo_studios/docs/standards/global/std-global-python-engineering.md:61
document-metadata-block	1	1	.repo_studios/docs/templates/script_inventory_template.md	.repo_studios/docs/templates/script_inventory_template.md:15
documentation	1	1	.repo_studios/docs/standards/global/std-global-css-authoring.md	.repo_studios/docs/standards/global/std-global-css-authoring.md:34
documentation-comments	1	1	.repo_studios/docs/standards/global/std-global-javascript-engineering.md	.repo_studios/docs/standards/global/std-global-javascript-engineering.md:37
documentation-inventory-hygiene	1	1	.repo_studios/docs/standards/project/std-project-operating-standard.md	.repo_studios/docs/standards/project/std-project-operating-standard.md:86
documentation-inventory-notes	1	1	.repo_studios/docs/inventory/inventory-notes.md	.repo_studios/docs/inventory/inventory-notes.md:20
dry-run-with-explicit-artifact-destination	1	1	.repo_studios/docs/automation/verify_docs_integrity.md	.repo_studios/docs/automation/verify_docs_integrity.md:13
ensure-the-accessor-refreshes-from-env-or-tests-reset-the-cache	1	1	.repo_studios/docs/standards/project/std-project-python-instructions.md	.repo_studios/docs/standards/project/std-project-python-instructions.md:286
ensure-the-path-is-valid-and-prefer-configured-path-via-envdi	1	1	.repo_studios/docs/standards/project/std-project-python-instructions.md	.repo_studios/docs/standards/project/std-project-python-instructions.md:264
error-handling	1	1	standards/global/std-global-python-engineering.md	standards/global/std-global-python-engineering.md:12
error-handling-and-ux	1	1	.repo_studios/docs/standards/global/std-global-chainlit-ui.md	.repo_studios/docs/standards/global/std-global-chainlit-ui.md:150
error-handling-expectations	1	1	.repo_studios/docs/standards/global/std-global-python-engineering.md	.repo_studios/docs/standards/global/std-global-python-engineering.md:180
evaluation-cases	1	1	standards/global/std-global-prompt-engineering.md	standards/global/std-global-prompt-engineering.md:12
evidence-sources	1	1	.repo_studios/docs/automation/traceability/producer_consumer_traceability_audit.md	.repo_studios/docs/automation/traceability/producer_consumer_traceability_audit.md:12
exclusions	1	1	.repo_studios/docs/automation/standards-extraction-spec.md	.repo_studios/docs/automation/standards-extraction-spec.md:126
execution-steps	1	1	.repo_studios/docs/playbooks/playbook-memory-refresh.md	.repo_studios/docs/playbooks/playbook-memory-refresh.md:46
executive-summary	1	1	.repo_studios/docs/Repo_Studios_MOU_Strategic_Architecture.md	.repo_studios/docs/Repo_Studios_MOU_Strategic_Architecture.md:13
exit-semantics	1	1	.repo_studios/docs/automation/verify_docs_integrity.md	.repo_studios/docs/automation/verify_docs_integrity.md:43
extractstandardsrulespy	1	1	.repo_studios/docs/automation/extract_standards_rules.md	.repo_studios/docs/automation/extract_standards_rules.md:1
failure-modes	1	1	.repo_studios/docs/automation/function_analysis_guide.md	.repo_studios/docs/automation/function_analysis_guide.md:68
file-decomposition-policy	1	1	.repo_studios/docs/standards/global/std-global-prompt-engineering.md	.repo_studios/docs/standards/global/std-global-prompt-engineering.md:64
file-naming-and-cross-references	1	1	.repo_studios/docs/standards/global/std-global-markdown-authoring.md	.repo_studios/docs/standards/global/std-global-markdown-authoring.md:380
files-directories	1	1	.repo_studios/docs/naming_conventions.md	.repo_studios/docs/naming_conventions.md:7
findings-and-scoring	1	1	.repo_studios/docs/automation/analyze_test_hardening.md	.repo_studios/docs/automation/analyze_test_hardening.md:46
findings-structure	1	1	.repo_studios/docs/automation/function_analysis_guide.md	.repo_studios/docs/automation/function_analysis_guide.md:38
follow-up	1	1	.repo_studios/docs/templates/agent_note_template.md	.repo_studios/docs/templates/agent_note_template.md:23
for-unused-loop-vars-use-or-a-leading-underscore-for-example-c	1	1	.repo_studios/docs/standards/project/std-project-python-instructions.md	.repo_studios/docs/standards/project/std-project-python-instructions.md:404
format-for-adding-new-entries	1	1	.repo_studios/docs/standards/project/std-project-python-instructions.md	.repo_studios/docs/standards/project/std-project-python-instructions.md:40
front-matter	1	1	standards/global/std-global-markdown-authoring.md	standards/global/std-global-markdown-authoring.md:12
function-analysis-companion-report-guide	1	1	.repo_studios/docs/automation/function_analysis_guide.md	.repo_studios/docs/automation/function_analysis_guide.md:1
function-inventory-integration-plan	1	1	.repo_studios/docs/automation/function_inventory_integration_plan.md	.repo_studios/docs/automation/function_inventory_integration_plan.md:1
future-reserved-fields	1	1	.repo_studios/docs/automation/standards-index-schema.md	.repo_studios/docs/automation/standards-index-schema.md:146
gaps-to-investigate	1	1	.repo_studios/docs/inventory/inventory-notes.md	.repo_studios/docs/inventory/inventory-notes.md:114
generate-churn-complexity-heatmap-modernization-plan-draft-2025-11-24	1	1	.repo_studios/docs/automation/traceability/generate_churn_complexity_heatmap_modernization_plan.md	.repo_studios/docs/automation/traceability/generate_churn_complexity_heatmap_modernization_plan.md:1
generatedependencyhygienereportpy	1	1	.repo_studios/docs/automation/generate_dependency_hygiene_report.md	.repo_studios/docs/automation/generate_dependency_hygiene_report.md:1
generatedocindexpy-planning-draft	1	1	.repo_studios/docs/automation/generate_doc_index.md	.repo_studios/docs/automation/generate_doc_index.md:1
generatelizardreportpy	1	1	.repo_studios/docs/automation/generate_lizard_report.md	.repo_studios/docs/automation/generate_lizard_report.md:1
generatestandardsindexpy	1	1	.repo_studios/docs/automation/generate_standards_index.md	.repo_studios/docs/automation/generate_standards_index.md:1
generatetestcoverageinventorypy	1	1	.repo_studios/docs/automation/generate_test_coverage_inventory.md	.repo_studios/docs/automation/generate_test_coverage_inventory.md:1
global-chainlit-ui-standard	1	1	standards/global/std-global-chainlit-ui.md	standards/global/std-global-chainlit-ui.md:3
global-html-coding-standard	1	1	standards/global/std-global-html-coding.md	standards/global/std-global-html-coding.md:3
global-standards-catalog	1	1	.repo_studios/docs/standards/global/README.md	.repo_studios/docs/standards/global/README.md:1
governance-notes	1	1	.repo_studios/docs/playbooks/playbook-prompt-library.md	.repo_studios/docs/playbooks/playbook-prompt-library.md:66
governance-tracking	1	1	.repo_studios/docs/standards/global/std-global-monkey-patching.md	.repo_studios/docs/standards/global/std-global-monkey-patching.md:109
guiding-principles	1	1	.repo_studios/docs/repo_studios_build_plan.md	.repo_studios/docs/repo_studios_build_plan.md:7
how	1	1	.repo_studios/docs/standards/global/std-global-mission-parameters.md	.repo_studios/docs/standards/global/std-global-mission-parameters.md:70
html-structure-best-practices	1	1	.repo_studios/docs/standards/global/std-global-html-coding.md	.repo_studios/docs/standards/global/std-global-html-coding.md:28
i-strategic-vision	1	1	.repo_studios/docs/Repo_Studios_MOU_Strategic_Architecture.md	.repo_studios/docs/Repo_Studios_MOU_Strategic_Architecture.md:23
id-generation	1	1	.repo_studios/docs/automation/standards-extraction-spec.md	.repo_studios/docs/automation/standards-extraction-spec.md:95
ii-architectural-principles	1	1	.repo_studios/docs/Repo_Studios_MOU_Strategic_Architecture.md	.repo_studios/docs/Repo_Studios_MOU_Strategic_Architecture.md:79
iii-technical-implementation	1	1	.repo_studios/docs/Repo_Studios_MOU_Strategic_Architecture.md	.repo_studios/docs/Repo_Studios_MOU_Strategic_Architecture.md:144
implementation-checklist	1	1	.repo_studios/docs/automation/generate_doc_index.md	.repo_studios/docs/automation/generate_doc_index.md:38
implementation-notes	1	1	.repo_studios/docs/automation/ci_metrics_checks.md	.repo_studios/docs/automation/ci_metrics_checks.md:37
implementation-notes-2025-11-24	1	1	.repo_studios/docs/automation/traceability/generate_churn_complexity_heatmap_modernization_plan.md	.repo_studios/docs/automation/traceability/generate_churn_complexity_heatmap_modernization_plan.md:61
implementation-plan-phased-checklist	1	1	.repo_studios/docs/automation/function_inventory_integration_plan.md	.repo_studios/docs/automation/function_inventory_integration_plan.md:28
in-small-test-shims-a-short-valueerror-is-acceptable-keep-messages-brief	1	1	.repo_studios/docs/standards/project/std-project-python-instructions.md	.repo_studios/docs/standards/project/std-project-python-instructions.md:613
in-tests-set-metricsdbpath-to-a-tmp-file-and-seed-schema-before-querying	1	1	.repo_studios/docs/standards/project/std-project-python-instructions.md	.repo_studios/docs/standards/project/std-project-python-instructions.md:270
input-sources	1	1	.repo_studios/docs/automation/standards-extraction-spec.md	.repo_studios/docs/automation/standards-extraction-spec.md:34
inputs-and-actions	1	1	.repo_studios/docs/standards/global/std-global-chainlit-ui.md	.repo_studios/docs/standards/global/std-global-chainlit-ui.md:109
insert-bad-pattern-here	1	1	.repo_studios/docs/standards/global/std-global-code-cleanup.md	.repo_studios/docs/standards/global/std-global-code-cleanup.md:85
insert-the-approved-pattern-or-fix-here-with-type-hints-docstring-when-applicable	1	1	.repo_studios/docs/standards/global/std-global-code-cleanup.md	.repo_studios/docs/standards/global/std-global-code-cleanup.md:91
instructions	1	1	.repo_studios/docs/templates/script_inventory_template.md	.repo_studios/docs/templates/script_inventory_template.md:7
integrating-with-tooling	1	1	.repo_studios/docs/automation/function_analysis_guide.md	.repo_studios/docs/automation/function_analysis_guide.md:80
integrity-hash-algorithm	1	1	.repo_studios/docs/automation/standards-index-schema.md	.repo_studios/docs/automation/standards-index-schema.md:120
inventory-ids	1	1	.repo_studios/docs/naming_conventions.md	.repo_studios/docs/naming_conventions.md:26
inventory-reports-overview	1	1	.repo_studios/docs/inventory_reports.md	.repo_studios/docs/inventory_reports.md:1
inventory-schema-specification	1	1	.repo_studios/docs/inventory_schema_spec.md	.repo_studios/docs/inventory_schema_spec.md:1
inventory-validation-guide	1	1	.repo_studios/docs/inventory_validation.md	.repo_studios/docs/inventory_validation.md:1
issue-catalog	1	1	.repo_studios/docs/standards/project/std-project-python-instructions.md	.repo_studios/docs/standards/project/std-project-python-instructions.md:70
issue-short-name-for-pattern-or-bug	1	1	.repo_studios/docs/standards/project/std-project-python-instructions.md	.repo_studios/docs/standards/project/std-project-python-instructions.md:45
issue-short-title-for-issue	1	1	.repo_studios/docs/standards/global/std-global-code-cleanup.md	.repo_studios/docs/standards/global/std-global-code-cleanup.md:82
iv-operational-model	1	1	.repo_studios/docs/Repo_Studios_MOU_Strategic_Architecture.md	.repo_studios/docs/Repo_Studios_MOU_Strategic_Architecture.md:208
ix-affirmation	1	1	.repo_studios/docs/Repo_Studios_MOU_Strategic_Architecture.md	.repo_studios/docs/Repo_Studios_MOU_Strategic_Architecture.md:491
key-assets-provided-phases-13	1	1	.repo_studios/docs/automation/refactor_library_integration_notes.md	.repo_studios/docs/automation/refactor_library_integration_notes.md:28
language-syntax	1	1	.repo_studios/docs/standards/global/std-global-javascript-engineering.md	.repo_studios/docs/standards/global/std-global-javascript-engineering.md:10
learned-fixes-append-here	1	1	.repo_studios/docs/standards/global/std-global-chainlit-ui.md	.repo_studios/docs/standards/global/std-global-chainlit-ui.md:201
legacy-mapping	1	1	.repo_studios/docs/directory_layout.md	.repo_studios/docs/directory_layout.md:16
library-integration-alignment-template	1	1	.repo_studios/docs/templates/integration_alignment_template.md	.repo_studios/docs/templates/integration_alignment_template.md:1
lifecycle-hooks-required	1	1	.repo_studios/docs/standards/global/std-global-chainlit-ui.md	.repo_studios/docs/standards/global/std-global-chainlit-ui.md:36
lint-and-ci-rules	1	1	.repo_studios/docs/standards/global/std-global-markdown-authoring.md	.repo_studios/docs/standards/global/std-global-markdown-authoring.md:175
logging	1	1	standards/global/std-global-python-engineering.md	standards/global/std-global-python-engineering.md:18
logging-and-metrics	1	1	.repo_studios/docs/standards/global/std-global-python-engineering.md	.repo_studios/docs/standards/global/std-global-python-engineering.md:120
logging-observability	1	1	.repo_studios/docs/playbooks/playbook-agent-operations.md	.repo_studios/docs/playbooks/playbook-agent-operations.md:80
logging-protocol-repocleanlog	1	1	.repo_studios/docs/standards/global/std-global-code-cleanup.md	.repo_studios/docs/standards/global/std-global-code-cleanup.md:56
machine-readable-contract-example	1	1	.repo_studios/docs/standards/global/std-global-prompt-engineering.md	.repo_studios/docs/standards/global/std-global-prompt-engineering.md:87
markdown-structure-guidelines	1	1	.repo_studios/docs/standards/global/std-global-markdown-authoring.md	.repo_studios/docs/standards/global/std-global-markdown-authoring.md:45
memorandum-of-understanding	1	1	.repo_studios/docs/Repo_Studios_MOU_Strategic_Architecture.md	.repo_studios/docs/Repo_Studios_MOU_Strategic_Architecture.md:1
message-semantics-create-update-stream	1	1	.repo_studios/docs/standards/global/std-global-chainlit-ui.md	.repo_studios/docs/standards/global/std-global-chainlit-ui.md:80
metadata-fields	1	1	.repo_studios/docs/automation/function_analysis_guide.md	.repo_studios/docs/automation/function_analysis_guide.md:25
metadata-header	1	1	.repo_studios/docs/standards/project/README.md	.repo_studios/docs/standards/project/README.md:7
metadata-yaml-front-matter	1	1	.repo_studios/docs/standards/global/std-global-markdown-authoring.md	.repo_studios/docs/standards/global/std-global-markdown-authoring.md:97
migration-checklist	1	1	.repo_studios/docs/playbooks/playbook-migration.md	.repo_studios/docs/playbooks/playbook-migration.md:39
modernization-targets	1	1	.repo_studios/docs/automation/traceability/aggregator_dependency_audit.md	.repo_studios/docs/automation/traceability/aggregator_dependency_audit.md:16
modules-imports	1	1	.repo_studios/docs/standards/global/std-global-javascript-engineering.md	.repo_studios/docs/standards/global/std-global-javascript-engineering.md:17
naming-class-conventions	1	1	.repo_studios/docs/standards/global/std-global-html-coding.md	.repo_studios/docs/standards/global/std-global-html-coding.md:40
naming-specificity	1	1	.repo_studios/docs/standards/global/std-global-css-authoring.md	.repo_studios/docs/standards/global/std-global-css-authoring.md:16
next-actions-list	1	1	.repo_studios/docs/templates/script_inventory_template.md	.repo_studios/docs/templates/script_inventory_template.md:32
next-steps	1	1	.repo_studios/docs/inventory/inventory-notes.md	.repo_studios/docs/inventory/inventory-notes.md:120
normalization	1	1	.repo_studios/docs/automation/standards-extraction-spec.md	.repo_studios/docs/automation/standards-extraction-spec.md:65
notes-collected	1	1	.repo_studios/docs/automation/function_inventory_integration_plan.md	.repo_studios/docs/automation/function_inventory_integration_plan.md:114
notes-for-ai-consumers	1	1	.repo_studios/docs/automation/generate_doc_index.md	.repo_studios/docs/automation/generate_doc_index.md:59
object-category	1	1	.repo_studios/docs/automation/standards-index-schema.md	.repo_studios/docs/automation/standards-index-schema.md:51
object-coverage	1	1	.repo_studios/docs/automation/standards-index-schema.md	.repo_studios/docs/automation/standards-index-schema.md:94
object-examples	1	1	.repo_studios/docs/automation/standards-index-schema.md	.repo_studios/docs/automation/standards-index-schema.md:76
object-metadata	1	1	.repo_studios/docs/automation/standards-index-schema.md	.repo_studios/docs/automation/standards-index-schema.md:110
object-rule	1	1	.repo_studios/docs/automation/standards-index-schema.md	.repo_studios/docs/automation/standards-index-schema.md:59
object-source	1	1	.repo_studios/docs/automation/standards-index-schema.md	.repo_studios/docs/automation/standards-index-schema.md:44
object-sourceref	1	1	.repo_studios/docs/automation/standards-index-schema.md	.repo_studios/docs/automation/standards-index-schema.md:85
observability	1	1	.repo_studios/docs/standards/global/std-global-chainlit-ui.md	.repo_studios/docs/standards/global/std-global-chainlit-ui.md:164
observability-signals	1	1	.repo_studios/docs/playbooks/playbook-memory-refresh.md	.repo_studios/docs/playbooks/playbook-memory-refresh.md:81
observations	1	1	.repo_studios/docs/inventory/inventory-notes.md	.repo_studios/docs/inventory/inventory-notes.md:37
operational-checklists	1	1	.repo_studios/docs/standards/project/std-project-operating-standard.md	.repo_studios/docs/standards/project/std-project-operating-standard.md:108
operational-commands	1	1	.repo_studios/docs/standards/project/std-project-operating-standard.md	.repo_studios/docs/standards/project/std-project-operating-standard.md:95
operational-notes-agent-specific	1	1	.repo_studios/docs/standards/global/std-global-code-cleanup.md	.repo_studios/docs/standards/global/std-global-code-cleanup.md:99
or-convert-when-you-truly-need-indexing	1	1	.repo_studios/docs/standards/project/std-project-python-instructions.md	.repo_studios/docs/standards/project/std-project-python-instructions.md:517
or-type-narrow-interfaces-via-protocols-instead-of-concrete-imports-in-tests	1	1	.repo_studios/docs/standards/project/std-project-python-instructions.md	.repo_studios/docs/standards/project/std-project-python-instructions.md:593
or-with-python-310	1	1	.repo_studios/docs/standards/project/std-project-python-instructions.md	.repo_studios/docs/standards/project/std-project-python-instructions.md:491
orchestrator-automation-hooks	1	1	.repo_studios/docs/automation/orchestrator_automation_hooks.md	.repo_studios/docs/automation/orchestrator_automation_hooks.md:1
outcomes	1	1	.repo_studios/docs/templates/agent_note_template.md	.repo_studios/docs/templates/agent_note_template.md:20
output-contract-future-state	1	1	.repo_studios/docs/automation/generate_doc_index.md	.repo_studios/docs/automation/generate_doc_index.md:13
overrides-merge-order	1	1	.repo_studios/docs/automation/standards-extraction-spec.md	.repo_studios/docs/automation/standards-extraction-spec.md:119
packaging-dependencies	1	1	.repo_studios/docs/standards/global/std-global-python-engineering.md	.repo_studios/docs/standards/global/std-global-python-engineering.md:170
parallel-workstreams	1	1	.repo_studios/docs/repo_studios_build_plan.md	.repo_studios/docs/repo_studios_build_plan.md:86
per-script-table-skeleton	1	1	.repo_studios/docs/templates/script_inventory_template.md	.repo_studios/docs/templates/script_inventory_template.md:24
performance-accessibility	1	1	.repo_studios/docs/standards/global/std-global-css-authoring.md	.repo_studios/docs/standards/global/std-global-css-authoring.md:22
phase-0-alignment-complete	1	1	.repo_studios/docs/repo_studios_build_plan.md	.repo_studios/docs/repo_studios_build_plan.md:14
phase-1-foundation-setup	1	1	.repo_studios/docs/templates/integration_alignment_template.md	.repo_studios/docs/templates/integration_alignment_template.md:28
phase-2-duplicate-detection-tool	1	1	.repo_studios/docs/templates/integration_alignment_template.md	.repo_studios/docs/templates/integration_alignment_template.md:37
phase-3-manual-extraction-validation	1	1	.repo_studios/docs/templates/integration_alignment_template.md	.repo_studios/docs/templates/integration_alignment_template.md:46
phase-4-automated-extraction	1	1	.repo_studios/docs/templates/integration_alignment_template.md	.repo_studios/docs/templates/integration_alignment_template.md:56
phase-4-reporting-observability-enhancements	1	1	.repo_studios/docs/repo_studios_build_plan.md	.repo_studios/docs/repo_studios_build_plan.md:63
phase-5-governance-onboarding-assets	1	1	.repo_studios/docs/repo_studios_build_plan.md	.repo_studios/docs/repo_studios_build_plan.md:75
phase-5-integration-with-repo-operations	1	1	.repo_studios/docs/templates/integration_alignment_template.md	.repo_studios/docs/templates/integration_alignment_template.md:64
phase-6-ai-prompt-engineering	1	1	.repo_studios/docs/templates/integration_alignment_template.md	.repo_studios/docs/templates/integration_alignment_template.md:72
phase-7-validation-hardening	1	1	.repo_studios/docs/templates/integration_alignment_template.md	.repo_studios/docs/templates/integration_alignment_template.md:79
phase-8-scale-to-new-projects	1	1	.repo_studios/docs/templates/integration_alignment_template.md	.repo_studios/docs/templates/integration_alignment_template.md:87
phase-overview	1	1	.repo_studios/docs/templates/integration_alignment_template.md	.repo_studios/docs/templates/integration_alignment_template.md:11
phase-snapshot	1	1	.repo_studios/docs/automation/refactor_library_integration_notes.md	.repo_studios/docs/automation/refactor_library_integration_notes.md:11
pipeline-stages	1	1	.repo_studios/docs/automation/standards-extraction-spec.md	.repo_studios/docs/automation/standards-extraction-spec.md:38
preconditions	1	1	.repo_studios/docs/playbooks/playbook-memory-refresh.md	.repo_studios/docs/playbooks/playbook-memory-refresh.md:37
prefer-ascii-punctuation-in-docstringscomments	1	1	.repo_studios/docs/standards/project/std-project-python-instructions.md	.repo_studios/docs/standards/project/std-project-python-instructions.md:424
prefer-calling-the-accessor-getdbpath-and-avoid-hardcoding	1	1	.repo_studios/docs/standards/project/std-project-python-instructions.md	.repo_studios/docs/standards/project/std-project-python-instructions.md:287
primary-objective	1	1	.repo_studios/docs/standards/global/std-global-code-cleanup.md	.repo_studios/docs/standards/global/std-global-code-cleanup.md:26
primary-responsibilities	1	1	.repo_studios/docs/standards/project/std-project-operating-standard.md	.repo_studios/docs/standards/project/std-project-operating-standard.md:29
primary-scope	1	1	.repo_studios/docs/standards/global/std-global-python-engineering.md	.repo_studios/docs/standards/global/std-global-python-engineering.md:29
principles	1	1	.repo_studios/docs/standards/global/std-global-monkey-patching.md	.repo_studios/docs/standards/global/std-global-monkey-patching.md:39
producer-consumer-traceability-audit-draft-2025-11-24	1	1	.repo_studios/docs/automation/traceability/producer_consumer_traceability_audit.md	.repo_studios/docs/automation/traceability/producer_consumer_traceability_audit.md:1
project-python-instructions	1	1	standards/project/std-project-python-instructions.md	standards/project/std-project-python-instructions.md:3
project-specific-quick-rules-jarvis2	1	1	.repo_studios/docs/standards/project/std-project-python-instructions.md	.repo_studios/docs/standards/project/std-project-python-instructions.md:29
project-standards-catalog	1	1	.repo_studios/docs/standards/project/README.md	.repo_studios/docs/standards/project/README.md:1
project-structure	1	1	.repo_studios/docs/standards/global/std-global-chainlit-ui.md	.repo_studios/docs/standards/global/std-global-chainlit-ui.md:25
project-tree-overview	1	1	.repo_studios/docs/project_tree_overview.md	.repo_studios/docs/project_tree_overview.md:1
prompt-patterns	1	1	.repo_studios/docs/standards/global/std-global-prompt-engineering.md	.repo_studios/docs/standards/global/std-global-prompt-engineering.md:46
proposed-pipeline-steps	1	1	.repo_studios/docs/automation/ci_metrics_checks.md	.repo_studios/docs/automation/ci_metrics_checks.md:13
pseudo-code-simplified	1	1	.repo_studios/docs/automation/standards-extraction-spec.md	.repo_studios/docs/automation/standards-extraction-spec.md:138
purpose-of-markdown-files	1	1	.repo_studios/docs/standards/global/std-global-markdown-authoring.md	.repo_studios/docs/standards/global/std-global-markdown-authoring.md:33
questions-from-agent	1	1	.repo_studios/docs/automation/function_inventory_integration_plan.md	.repo_studios/docs/automation/function_inventory_integration_plan.md:169
questions-to-resolve	1	1	.repo_studios/docs/automation/function_inventory_integration_plan.md	.repo_studios/docs/automation/function_inventory_integration_plan.md:160
rationale-derivation	1	1	.repo_studios/docs/automation/standards-extraction-spec.md	.repo_studios/docs/automation/standards-extraction-spec.md:72
recommendations	1	1	.repo_studios/docs/automation/traceability/producer_consumer_traceability_audit.md	.repo_studios/docs/automation/traceability/producer_consumer_traceability_audit.md:39
refactor-library-integration-notes	1	1	.repo_studios/docs/automation/refactor_library_integration_notes.md	.repo_studios/docs/automation/refactor_library_integration_notes.md:1
refactoring-playbook	1	1	.repo_studios/docs/standards/global/std-global-monkey-patching.md	.repo_studios/docs/standards/global/std-global-monkey-patching.md:100
reference-commands	1	1	.repo_studios/docs/playbooks/playbook-prompt-library.md	.repo_studios/docs/playbooks/playbook-prompt-library.md:56
related	1	1	.repo_studios/docs/standards/global/std-global-mission-parameters.md	.repo_studios/docs/standards/global/std-global-mission-parameters.md:109
related-resources	1	1	.repo_studios/docs/playbooks/playbook-memory-refresh.md	.repo_studios/docs/playbooks/playbook-memory-refresh.md:104
removal-process	1	1	.repo_studios/docs/standards/global/std-global-monkey-patching.md	.repo_studios/docs/standards/global/std-global-monkey-patching.md:128
remove-unused-modules-and-variables	1	1	.repo_studios/docs/standards/project/std-project-python-instructions.md	.repo_studios/docs/standards/project/std-project-python-instructions.md:88
render-inventory-views-producer	1	1	.repo_studios/docs/automation/render_inventory_views.md	.repo_studios/docs/automation/render_inventory_views.md:1
repo-studios-agent-operations-playbook	1	1	.repo_studios/docs/playbooks/playbook-agent-operations.md	.repo_studios/docs/playbooks/playbook-agent-operations.md:21
repo-studios-build-plan	1	1	.repo_studios/docs/repo_studios_build_plan.md	.repo_studios/docs/repo_studios_build_plan.md:1
repo-studios-code-cleanup-instructions	1	1	.repo_studios/docs/standards/global/std-global-code-cleanup.md	.repo_studios/docs/standards/global/std-global-code-cleanup.md:20
repo-studios-documentation-index	1	1	.repo_studios/docs/standards/docs_index.md	.repo_studios/docs/standards/docs_index.md:1
repo-studios-html-coding-practices	1	1	.repo_studios/docs/standards/global/std-global-html-coding.md	.repo_studios/docs/standards/global/std-global-html-coding.md:21
repo-studios-memory-refresh-playbook	1	1	.repo_studios/docs/playbooks/playbook-memory-refresh.md	.repo_studios/docs/playbooks/playbook-memory-refresh.md:21
repo-studios-migration-playbook	1	1	.repo_studios/docs/playbooks/playbook-migration.md	.repo_studios/docs/playbooks/playbook-migration.md:22
repo-studios-monkey-patch-governance	1	1	.repo_studios/docs/standards/global/std-global-monkey-patching.md	.repo_studios/docs/standards/global/std-global-monkey-patching.md:20
repo-studios-naming-conventions	1	1	.repo_studios/docs/naming_conventions.md	.repo_studios/docs/naming_conventions.md:1
repo-studios-project-operating-standard	1	1	.repo_studios/docs/standards/project/std-project-operating-standard.md	.repo_studios/docs/standards/project/std-project-operating-standard.md:21
repo-studios-prompt-engineering-standards	1	1	.repo_studios/docs/standards/global/std-global-prompt-engineering.md	.repo_studios/docs/standards/global/std-global-prompt-engineering.md:22
repo-studios-prompt-library-playbook	1	1	.repo_studios/docs/playbooks/playbook-prompt-library.md	.repo_studios/docs/playbooks/playbook-prompt-library.md:21
repo-studios-python-engineering-standards	1	1	.repo_studios/docs/standards/global/std-global-python-engineering.md	.repo_studios/docs/standards/global/std-global-python-engineering.md:21
repo-studios-python-remediation-instructions	1	1	.repo_studios/docs/standards/project/std-project-python-instructions.md	.repo_studios/docs/standards/project/std-project-python-instructions.md:21
repo-studios-standards-markdown-authoring-for-ai-agent-and-human-integration	1	1	.repo_studios/docs/standards/global/std-global-markdown-authoring.md	.repo_studios/docs/standards/global/std-global-markdown-authoring.md:20
repo-studios-strategic-architecture-operational-manifesto	1	1	.repo_studios/docs/Repo_Studios_MOU_Strategic_Architecture.md	.repo_studios/docs/Repo_Studios_MOU_Strategic_Architecture.md:3
repo-studios-structural-checklist-project-name	1	1	.repo_studios/docs/templates/structural_checklist_template.md	.repo_studios/docs/templates/structural_checklist_template.md:8
report-layout	1	1	.repo_studios/docs/inventory_reports.md	.repo_studios/docs/inventory_reports.md:17
reports-roadmap	1	1	.repo_studios/docs/directory_layout.md	.repo_studios/docs/directory_layout.md:31
required-sections-when-relevant	1	1	.repo_studios/docs/standards/global/std-global-markdown-authoring.md	.repo_studios/docs/standards/global/std-global-markdown-authoring.md:54
research-actions-open	1	1	.repo_studios/docs/automation/refactor_library_integration_notes.md	.repo_studios/docs/automation/refactor_library_integration_notes.md:58
risks-considerations	1	1	.repo_studios/docs/automation/traceability/generate_churn_complexity_heatmap_modernization_plan.md	.repo_studios/docs/automation/traceability/generate_churn_complexity_heatmap_modernization_plan.md:68
roadmap	1	1	.repo_studios/docs/inventory_validation.md	.repo_studios/docs/inventory_validation.md:61
rollback	1	1	.repo_studios/docs/playbooks/playbook-memory-refresh.md	.repo_studios/docs/playbooks/playbook-memory-refresh.md:96
rollback-guidance	1	1	.repo_studios/docs/playbooks/playbook-migration.md	.repo_studios/docs/playbooks/playbook-migration.md:68
run-batch-cleanup-modernization-plan-draft-2025-11-24	1	1	.repo_studios/docs/automation/traceability/run_batch_cleanup_modernization_plan.md	.repo_studios/docs/automation/traceability/run_batch_cleanup_modernization_plan.md:1
running-the-renderer	1	1	.repo_studios/docs/inventory_reports.md	.repo_studios/docs/inventory_reports.md:7
running-the-validator	1	1	.repo_studios/docs/inventory_validation.md	.repo_studios/docs/inventory_validation.md:7
scancodeplaceholderspy	1	1	.repo_studios/docs/automation/scan_code_placeholders.md	.repo_studios/docs/automation/scan_code_placeholders.md:1
scanmonkeypatchespy	1	1	.repo_studios/docs/automation/scan_monkey_patches.md	.repo_studios/docs/automation/scan_monkey_patches.md:1
scope	1	1	.repo_studios/docs/standards/global/std-global-monkey-patching.md	.repo_studios/docs/standards/global/std-global-monkey-patching.md:28
scope-prerequisites	1	1	.repo_studios/docs/playbooks/playbook-migration.md	.repo_studios/docs/playbooks/playbook-migration.md:30
scripts-automation	1	1	.repo_studios/docs/naming_conventions.md	.repo_studios/docs/naming_conventions.md:15
security	1	1	.repo_studios/docs/standards/global/std-global-chainlit-ui.md	.repo_studios/docs/standards/global/std-global-chainlit-ui.md:184
seedstandardspromptspy	1	1	.repo_studios/docs/automation/seed_standards_prompts.md	.repo_studios/docs/automation/seed_standards_prompts.md:1
self-updating-instructions	1	1	.repo_studios/docs/standards/global/std-global-markdown-authoring.md	.repo_studios/docs/standards/global/std-global-markdown-authoring.md:82
severity-heuristic	1	1	.repo_studios/docs/automation/standards-extraction-spec.md	.repo_studios/docs/automation/standards-extraction-spec.md:76
short-title	1	1	.repo_studios/docs/templates/agent_note_template.md	.repo_studios/docs/templates/agent_note_template.md:8
show-a-bad-or-discouraged-code-pattern-here	1	1	.repo_studios/docs/standards/project/std-project-python-instructions.md	.repo_studios/docs/standards/project/std-project-python-instructions.md:48
show-the-clean-modern-or-approved-pattern-here	1	1	.repo_studios/docs/standards/project/std-project-python-instructions.md	.repo_studios/docs/standards/project/std-project-python-instructions.md:53
source-structure	1	1	.repo_studios/docs/standards/global/std-global-css-authoring.md	.repo_studios/docs/standards/global/std-global-css-authoring.md:10
standards-index-schema-specification	1	1	.repo_studios/docs/automation/standards-index-schema.md	.repo_studios/docs/automation/standards-index-schema.md:21
standards-reference-map	1	1	.repo_studios/docs/playbooks/playbook-agent-operations.md	.repo_studios/docs/playbooks/playbook-agent-operations.md:64
standards-rule-extraction-specification	1	1	.repo_studios/docs/automation/standards-extraction-spec.md	.repo_studios/docs/automation/standards-extraction-spec.md:21
state-management	1	1	.repo_studios/docs/standards/global/std-global-chainlit-ui.md	.repo_studios/docs/standards/global/std-global-chainlit-ui.md:138
status	1	1	.repo_studios/docs/automation/traceability/run_batch_cleanup_modernization_plan.md	.repo_studios/docs/automation/traceability/run_batch_cleanup_modernization_plan.md:3
step-by-step-plan	1	1	.repo_studios/docs/automation/function_inventory_integration_plan.md	.repo_studios/docs/automation/function_inventory_integration_plan.md:9
structural-checklist-template	1	1	.repo_studios/docs/templates/structural_checklist_template.md	.repo_studios/docs/templates/structural_checklist_template.md:1
structural-requirements	1	1	.repo_studios/docs/standards/global/std-global-python-engineering.md	.repo_studios/docs/standards/global/std-global-python-engineering.md:51
style-and-formatting	1	1	.repo_studios/docs/standards/global/std-global-python-engineering.md	.repo_studios/docs/standards/global/std-global-python-engineering.md:37
style-essentials	1	1	standards/global/std-global-markdown-authoring.md	standards/global/std-global-markdown-authoring.md:18
styling-css	1	1	.repo_studios/docs/standards/global/std-global-html-coding.md	.repo_studios/docs/standards/global/std-global-html-coding.md:51
summary	1	1	.repo_studios/docs/standards/global/std-global-mission-parameters.md	.repo_studios/docs/standards/global/std-global-mission-parameters.md:131
summary-metrics	1	1	.repo_studios/docs/inventory/inventory-notes.md	.repo_studios/docs/inventory/inventory-notes.md:28
supported-patterns	1	1	.repo_studios/docs/automation/extract_standards_rules.md	.repo_studios/docs/automation/extract_standards_rules.md:11
system-snapshot	1	1	.repo_studios/docs/playbooks/playbook-agent-operations.md	.repo_studios/docs/playbooks/playbook-agent-operations.md:29
technology-baseline	1	1	.repo_studios/docs/standards/project/std-project-operating-standard.md	.repo_studios/docs/standards/project/std-project-operating-standard.md:37
test-sets-metricsdbpath-but-the-server-still-uses-an-old-cached-path	1	1	.repo_studios/docs/standards/project/std-project-python-instructions.md	.repo_studios/docs/standards/project/std-project-python-instructions.md:280
testing-and-testability	1	1	.repo_studios/docs/standards/global/std-global-chainlit-ui.md	.repo_studios/docs/standards/global/std-global-chainlit-ui.md:170
testing-expectations	1	1	.repo_studios/docs/standards/global/std-global-python-engineering.md	.repo_studios/docs/standards/global/std-global-python-engineering.md:207
testing-protocol	1	1	.repo_studios/docs/standards/global/std-global-code-cleanup.md	.repo_studios/docs/standards/global/std-global-code-cleanup.md:44
testing-qa-expectations	1	1	.repo_studios/docs/standards/project/std-project-operating-standard.md	.repo_studios/docs/standards/project/std-project-operating-standard.md:63
testing-tooling	1	1	.repo_studios/docs/standards/global/std-global-javascript-engineering.md	.repo_studios/docs/standards/global/std-global-javascript-engineering.md:30
tests-fixtures	1	1	.repo_studios/docs/naming_conventions.md	.repo_studios/docs/naming_conventions.md:21
tooling-checklist	1	1	.repo_studios/docs/standards/global/std-global-python-engineering.md	.repo_studios/docs/standards/global/std-global-python-engineering.md:247
tooling-delivery	1	1	.repo_studios/docs/standards/global/std-global-css-authoring.md	.repo_studios/docs/standards/global/std-global-css-authoring.md:28
top-level-structure	1	1	.repo_studios/docs/automation/standards-index-schema.md	.repo_studios/docs/automation/standards-index-schema.md:27
triggers	1	1	.repo_studios/docs/playbooks/playbook-memory-refresh.md	.repo_studios/docs/playbooks/playbook-memory-refresh.md:29
typecheck-report-producer	1	1	.repo_studios/docs/automation/generate_typecheck_report.md	.repo_studios/docs/automation/generate_typecheck_report.md:1
types-requests	1	1	.repo_studios/docs/standards/project/std-project-python-instructions.md	.repo_studios/docs/standards/project/std-project-python-instructions.md:592
unpaired-producers-proposed-consumers	1	1	.repo_studios/docs/automation/traceability/producer_consumer_traceability_audit.md	.repo_studios/docs/automation/traceability/producer_consumer_traceability_audit.md:27
updating-prompts	1	1	.repo_studios/docs/playbooks/playbook-prompt-library.md	.repo_studios/docs/playbooks/playbook-prompt-library.md:47
use-400-for-invalid-client-input-401403-for-auth-issues-404-when-not-found	1	1	.repo_studios/docs/standards/project/std-project-python-instructions.md	.repo_studios/docs/standards/project/std-project-python-instructions.md:323
use-logging-instead-or-remove-if-unnecessary	1	1	.repo_studios/docs/standards/project/std-project-python-instructions.md	.repo_studios/docs/standards/project/std-project-python-instructions.md:107
using-requests-or-testclient-sync-patterns-inconsistently-with-async-code	1	1	.repo_studios/docs/standards/project/std-project-python-instructions.md	.repo_studios/docs/standards/project/std-project-python-instructions.md:222
v-roi-analysis-justification	1	1	.repo_studios/docs/Repo_Studios_MOU_Strategic_Architecture.md	.repo_studios/docs/Repo_Studios_MOU_Strategic_Architecture.md:274
validate-inventory-producer	1	1	.repo_studios/docs/automation/validate_inventory.md	.repo_studios/docs/automation/validate_inventory.md:1
validateimportboundariespy	1	1	.repo_studios/docs/automation/validate_import_boundaries.md	.repo_studios/docs/automation/validate_import_boundaries.md:1
validatemarkdownanchorspy	1	1	.repo_studios/docs/automation/validate_markdown_anchors.md	.repo_studios/docs/automation/validate_markdown_anchors.md:1
validatemetricsanchorstubspy	1	1	.repo_studios/docs/automation/validate_metrics_anchor_stubs.md	.repo_studios/docs/automation/validate_metrics_anchor_stubs.md:1
validation-commands-ci-gates	1	1	.repo_studios/docs/standards/global/std-global-python-engineering.md	.repo_studios/docs/standards/global/std-global-python-engineering.md:216
validation-coverage	1	1	.repo_studios/docs/inventory_validation.md	.repo_studios/docs/inventory_validation.md:45
validation-hooks-pre-index	1	1	.repo_studios/docs/automation/standards-extraction-spec.md	.repo_studios/docs/automation/standards-extraction-spec.md:160
validation-practices	1	1	.repo_studios/docs/standards/global/std-global-prompt-engineering.md	.repo_studios/docs/standards/global/std-global-prompt-engineering.md:55
validation-rules	1	1	.repo_studios/docs/automation/standards-index-schema.md	.repo_studios/docs/automation/standards-index-schema.md:133
validation-signals	1	1	.repo_studios/docs/playbooks/playbook-migration.md	.repo_studios/docs/playbooks/playbook-migration.md:59
verifydocsintegrity	1	1	.repo_studios/docs/automation/verify_docs_integrity.md	.repo_studios/docs/automation/verify_docs_integrity.md:1
vi-manifesto-the-repo-studios-way	1	1	.repo_studios/docs/Repo_Studios_MOU_Strategic_Architecture.md	.repo_studios/docs/Repo_Studios_MOU_Strategic_Architecture.md:329
vii-success-criteria	1	1	.repo_studios/docs/Repo_Studios_MOU_Strategic_Architecture.md	.repo_studios/docs/Repo_Studios_MOU_Strategic_Architecture.md:398
viii-governance	1	1	.repo_studios/docs/Repo_Studios_MOU_Strategic_Architecture.md	.repo_studios/docs/Repo_Studios_MOU_Strategic_Architecture.md:452
what	1	1	.repo_studios/docs/standards/global/std-global-mission-parameters.md	.repo_studios/docs/standards/global/std-global-mission-parameters.md:30
when	1	1	.repo_studios/docs/standards/global/std-global-mission-parameters.md	.repo_studios/docs/standards/global/std-global-mission-parameters.md:40
when-necessary-use-a-specific-code-type-ignorearg-type	1	1	.repo_studios/docs/standards/project/std-project-python-instructions.md	.repo_studios/docs/standards/project/std-project-python-instructions.md:535
when-needed-in-tests-set-metricsdbpath-early-before-importing-app	1	1	.repo_studios/docs/standards/project/std-project-python-instructions.md	.repo_studios/docs/standards/project/std-project-python-instructions.md:288
where	1	1	.repo_studios/docs/standards/global/std-global-mission-parameters.md	.repo_studios/docs/standards/global/std-global-mission-parameters.md:49
who	1	1	.repo_studios/docs/standards/global/std-global-mission-parameters.md	.repo_studios/docs/standards/global/std-global-mission-parameters.md:21
why	1	1	.repo_studios/docs/standards/global/std-global-mission-parameters.md	.repo_studios/docs/standards/global/std-global-mission-parameters.md:59
workflow-checklist	1	1	.repo_studios/docs/playbooks/playbook-prompt-library.md	.repo_studios/docs/playbooks/playbook-prompt-library.md:38
x-signatures-attestation	1	1	.repo_studios/docs/Repo_Studios_MOU_Strategic_Architecture.md	.repo_studios/docs/Repo_Studios_MOU_Strategic_Architecture.md:526
yaml-conversion-example	1	1	.repo_studios/docs/templates/script_inventory_template.md	.repo_studios/docs/templates/script_inventory_template.md:39
