path,h1_count,h2_count,heading_count,unique_slugs,duplicate_slugs,cross_file_duplicate_slugs,allowlisted_slugs
.repo_studios/docs/Repo_Studios_MOU_Strategic_Architecture.md,1,13,14,14,,,
.repo_studios/docs/automation/aggregate_docs_health_signals.md,1,8,9,9,,purpose,
.repo_studios/docs/automation/analyze_test_hardening.md,1,6,7,7,,invocation;operational-notes;outputs;purpose;testing,
.repo_studios/docs/automation/ci_metrics_checks.md,1,4,5,5,,goals;next-actions,
.repo_studios/docs/automation/classify_monkey_patches.md,1,5,6,6,,invocation;operational-notes;outputs;purpose;testing,
.repo_studios/docs/automation/collect_faulthandler_reports.md,1,6,7,7,,diagnostics;invocation;operational-notes;outputs;purpose;testing,
.repo_studios/docs/automation/collect_test_log_reports.md,1,6,7,7,,diagnostics;invocation;operational-notes;outputs;purpose;testing,
.repo_studios/docs/automation/configure_faulthandler_runtime.md,1,5,6,6,,environment-flags;legacy-compatibility;responsibilities;testing,overview
.repo_studios/docs/automation/diff_standards_index.md,1,6,7,7,,invocation;operational-notes;outputs;purpose;status-semantics;testing,
.repo_studios/docs/automation/dump_faulthandler_snapshot.md,1,7,8,8,,environment-flags;legacy-compatibility;responsibilities;testing;usage,overview
.repo_studios/docs/automation/extract_standards_rules.md,1,6,7,7,,integration-notes;invocation;purpose;testing,
.repo_studios/docs/automation/function_analysis_guide.md,1,6,7,7,,future-enhancements,
.repo_studios/docs/automation/function_inventory_integration_plan.md,1,8,9,9,,decisions-captured;outstanding-considerations,
.repo_studios/docs/automation/generate_anchor_health_report.md,1,6,7,7,,inputs;purpose;testing,
.repo_studios/docs/automation/generate_anchor_inventory.md,1,6,7,7,,cli-reference;data-shape;implementation-summary;notes-for-ai-consumers;output-contract;purpose,
.repo_studios/docs/automation/generate_code_doc_churn_report.md,1,5,6,6,,inputs;outputs;purpose;testing;usage,
.repo_studios/docs/automation/generate_dependency_hygiene_report.md,1,6,7,7,,invocation;operational-notes;outputs;purpose;status-semantics;testing,
.repo_studios/docs/automation/generate_doc_index.md,1,6,7,7,,cli-reference;data-shape;implementation-summary;notes-for-ai-consumers;output-contract;purpose,
.repo_studios/docs/automation/generate_lizard_report.md,1,6,7,7,,invocation;operational-notes;outputs;purpose;status-semantics;testing,
.repo_studios/docs/automation/generate_standards_index.md,1,6,7,7,,invocation;operational-notes;outputs;purpose;status-semantics;testing,
.repo_studios/docs/automation/generate_test_coverage_inventory.md,1,6,7,7,,invocation;operational-notes;outputs;purpose;status-semantics;testing,
.repo_studios/docs/automation/generate_test_log_health_report.md,1,8,9,9,,inputs;outputs;purpose;testing,notes
.repo_studios/docs/automation/generate_typecheck_report.md,1,3,4,4,,invocation;outputs;testing,
.repo_studios/docs/automation/generate_undocumented_logic_report.md,1,5,6,6,,inputs;outputs;purpose;testing;usage,
.repo_studios/docs/automation/healthview_onboarding.md,1,10,11,11,,operational-notes;purpose;references,
.repo_studios/docs/automation/orchestrator_automation_hooks.md,1,2,3,3,,,notes
.repo_studios/docs/automation/refactor_library_integration_notes.md,1,6,7,7,,references,
.repo_studios/docs/automation/refresh_mypy_baselines.md,2,5,7,7,,invocation;outputs;purpose,
.repo_studios/docs/automation/render_inventory_views.md,1,3,4,4,,invocation;outputs;testing,
.repo_studios/docs/automation/run_fault_pipeline.md,1,5,6,6,,invocation;outputs;testing,overview
.repo_studios/docs/automation/run_pytest_log_capture.md,1,6,7,7,,diagnostics;invocation;operational-notes;outputs;testing,overview
.repo_studios/docs/automation/run_standards_index_cli.md,1,4,5,5,,operational-notes;status;testing,
.repo_studios/docs/automation/scan_code_placeholders.md,1,7,8,8,,diagnostics;invocation;operational-notes;outputs;purpose;testing,
.repo_studios/docs/automation/scan_monkey_patches.md,1,6,7,7,,diagnostics;invocation;operational-notes;outputs;purpose;testing,
.repo_studios/docs/automation/seed_standards_prompts.md,1,6,7,7,,diagnostics;invocation;operational-notes;outputs;purpose;testing,
.repo_studios/docs/automation/standards-extraction-spec.md,2,17,19,19,,future-enhancements;goals,
.repo_studios/docs/automation/standards-index-schema.md,1,13,14,14,,,
.repo_studios/docs/automation/summarize_standards.md,1,4,5,5,,invocation;outputs;purpose;testing,
.repo_studios/docs/automation/traceability/aggregator_dependency_audit.md,1,4,5,5,,next-actions;purpose,
.repo_studios/docs/automation/traceability/analyze_monkey_patch_trends_modernization_plan.md,1,7,8,8,,acceptance-criteria;current-state;dependencies-coordination;implementation-steps;objective;open-questions;target-architecture,
.repo_studios/docs/automation/traceability/fault_pipeline_aggregator_plan.md,1,7,8,8,,context;open-questions;purpose;status,notes
.repo_studios/docs/automation/traceability/generate_churn_complexity_heatmap_modernization_plan.md,1,7,8,8,,current-state;implementation-steps;objective;open-questions;target-architecture,
.repo_studios/docs/automation/traceability/generate_code_doc_churn_report_plan.md,1,11,12,12,,next-steps;objective,
.repo_studios/docs/automation/traceability/producer_consumer_traceability_audit.md,1,5,6,6,,,overview
.repo_studios/docs/automation/traceability/run_batch_cleanup_modernization_plan.md,1,8,9,9,,acceptance-criteria;current-state;dependencies-coordination;implementation-steps;objective;open-questions;status;target-architecture,
.repo_studios/docs/automation/traceability/run_standards_index_cli_modernization_plan.md,1,8,9,9,,acceptance-criteria;current-state;dependencies-coordination;implementation-steps;objective;open-questions;status;target-architecture,
.repo_studios/docs/automation/validate_import_boundaries.md,1,6,7,7,,diagnostics;invocation;operational-notes;outputs;purpose;testing,
.repo_studios/docs/automation/validate_inventory.md,1,3,4,4,,invocation;outputs;testing,
.repo_studios/docs/automation/validate_markdown_anchors.md,1,6,7,7,,invocation;operational-notes;outputs;purpose;status-semantics;testing,
.repo_studios/docs/automation/validate_metrics_anchor_stubs.md,1,6,7,7,,diagnostics;invocation;operational-notes;outputs;purpose;testing,
.repo_studios/docs/automation/verify_docs_integrity.md,4,5,9,9,,integration-notes;invocation,overview
.repo_studios/docs/directory_layout.md,1,4,5,5,,operational-notes,
.repo_studios/docs/governance/alignment-ledger.md,1,1,2,2,,,
.repo_studios/docs/inventory/inventory-notes.md,1,6,7,7,,next-steps,
.repo_studios/docs/inventory_reports.md,1,3,4,4,,,
.repo_studios/docs/inventory_schema_spec.md,1,7,8,8,,,
.repo_studios/docs/inventory_validation.md,1,4,5,5,,,
.repo_studios/docs/naming_conventions.md,1,4,5,5,,,
.repo_studios/docs/playbooks/playbook-agent-operations.md,1,7,8,8,,agent-block-machine-readable,
.repo_studios/docs/playbooks/playbook-memory-refresh.md,1,9,10,10,,agent-block-machine-readable;outputs;success-criteria,
.repo_studios/docs/playbooks/playbook-migration.md,1,5,6,6,,agent-block-machine-readable,
.repo_studios/docs/playbooks/playbook-prompt-library.md,1,6,7,7,,agent-block-machine-readable,
.repo_studios/docs/project_tree_overview.md,1,0,1,1,,,
.repo_studios/docs/repo_studios_build_plan.md,1,9,10,10,,phase-1-foundation-inventory;phase-2-migration-normalization;phase-3-automation-quality-gates,
.repo_studios/docs/standards/docs_index.md,1,1,2,2,,,
.repo_studios/docs/standards/global/README.md,1,2,3,3,,authoring-guidelines;migration-notes,
.repo_studios/docs/standards/global/std-global-chainlit-ui.md,1,13,14,14,,anchor-health-cross-link,
.repo_studios/docs/standards/global/std-global-code-cleanup.md,3,8,11,11,,anchor-health-cross-link;self-improvement-protocol,
.repo_studios/docs/standards/global/std-global-css-authoring.md,0,5,5,5,,,
.repo_studios/docs/standards/global/std-global-html-coding.md,1,13,14,14,,agent-block-machine-readable;anchor-health-cross-link;anti-patterns-to-avoid;change-history;quick-checklists;references;self-improvement-protocol,
.repo_studios/docs/standards/global/std-global-javascript-engineering.md,0,5,5,5,,,
.repo_studios/docs/standards/global/std-global-markdown-authoring.md,0,13,13,13,,agent-block-machine-readable;anti-patterns-to-avoid,
.repo_studios/docs/standards/global/std-global-mission-parameters.md,0,10,10,10,,success-criteria,
.repo_studios/docs/standards/global/std-global-monkey-patching.md,1,14,15,15,,agent-block-machine-readable;anchor-health-reminder;anti-patterns;quick-checklists;references,
.repo_studios/docs/standards/global/std-global-prompt-engineering.md,1,12,13,13,,agent-block-machine-readable;anchor-health-reminder;anti-patterns;change-history;purpose;quick-checklists;references,
.repo_studios/docs/standards/global/std-global-python-engineering.md,1,18,19,19,,agent-block-machine-readable;anchor-health-reminder;anti-patterns-to-avoid;packaging-dependencies,
.repo_studios/docs/standards/project/README.md,1,3,4,4,,authoring-guidelines;migration-notes,
.repo_studios/docs/standards/project/std-project-operating-standard.md,1,10,11,11,,agent-block-machine-readable;anchor-health-reminder,
.repo_studios/docs/standards/project/std-project-python-instructions.md,22,4,26,26,,,
.repo_studios/docs/templates/agent_note_template.md,2,4,6,6,,context,
.repo_studios/docs/templates/integration_alignment_template.md,1,12,13,13,,decisions-captured;outstanding-considerations,
.repo_studios/docs/templates/script_inventory.md,1,0,1,1,,script-inventory-template,
.repo_studios/docs/templates/script_inventory_template.md,1,5,6,6,,script-inventory-template,
.repo_studios/docs/templates/structural_checklist_template.md,2,4,6,6,,phase-1-foundation-inventory;phase-2-migration-normalization;phase-3-automation-quality-gates,notes
automation/examples/healthview_manifest_example.md,1,2,3,3,,,
automation/orchestrator_implementation.md,1,17,18,18,,context,
automation/orchestrator_legacy_cleanup_checklist.md,1,8,9,9,,purpose,
automation/orchestrator_migration_announcement.md,1,5,6,6,,,overview
automation/orchestrator_topic_refactor_rfc.md,1,14,15,15,,,
standards/docs_index.md,1,4,5,5,,,
standards/global/std-docs-integrity-handbook.md,1,0,1,1,,,
standards/global/std-global-chainlit-ui.md,1,4,5,5,,error-handling,
standards/global/std-global-code-cleanup.md,1,3,4,4,,,
standards/global/std-global-html-coding.md,1,4,5,5,,,
standards/global/std-global-markdown-authoring.md,0,7,7,7,,,
standards/global/std-global-mission-parameters.md,1,4,5,5,,,
standards/global/std-global-monkey-patching.md,1,4,5,5,,,
standards/global/std-global-prompt-engineering.md,1,4,5,5,,,
standards/global/std-global-python-engineering.md,1,4,5,5,,error-handling;packaging-dependencies;testing-discipline,
standards/project/std-project-operating-standard.md,1,3,4,4,,,
standards/project/std-project-python-instructions.md,1,3,4,4,,testing-discipline,
templates/meta_prompts.md,0,0,0,0,,,
templates/test_execution_telemetry_summary_template.md,1,5,6,6,,,
