slug	file_count	files	locations
invocation	19	.repo_studios/docs/automation/analyze_test_hardening.md,.repo_studios/docs/automation/collect_faulthandler_reports.md,.repo_studios/docs/automation/collect_test_log_reports.md,.repo_studios/docs/automation/diff_standards_index.md,.repo_studios/docs/automation/extract_standards_rules.md,.repo_studios/docs/automation/generate_dependency_hygiene_report.md,.repo_studios/docs/automation/generate_lizard_report.md,.repo_studios/docs/automation/generate_standards_index.md,.repo_studios/docs/automation/generate_test_coverage_inventory.md,.repo_studios/docs/automation/generate_typecheck_report.md,.repo_studios/docs/automation/render_inventory_views.md,.repo_studios/docs/automation/scan_code_placeholders.md,.repo_studios/docs/automation/scan_monkey_patches.md,.repo_studios/docs/automation/seed_standards_prompts.md,.repo_studios/docs/automation/validate_import_boundaries.md,.repo_studios/docs/automation/validate_inventory.md,.repo_studios/docs/automation/validate_markdown_anchors.md,.repo_studios/docs/automation/validate_metrics_anchor_stubs.md,.repo_studios/docs/automation/verify_docs_integrity.md	.repo_studios/docs/automation/analyze_test_hardening.md:9;.repo_studios/docs/automation/collect_faulthandler_reports.md:9;.repo_studios/docs/automation/collect_test_log_reports.md:9;.repo_studios/docs/automation/diff_standards_index.md:9;.repo_studios/docs/automation/extract_standards_rules.md:50;.repo_studios/docs/automation/generate_dependency_hygiene_report.md:9;.repo_studios/docs/automation/generate_lizard_report.md:9;.repo_studios/docs/automation/generate_standards_index.md:9;.repo_studios/docs/automation/generate_test_coverage_inventory.md:9;.repo_studios/docs/automation/generate_typecheck_report.md:5;.repo_studios/docs/automation/render_inventory_views.md:5;.repo_studios/docs/automation/scan_code_placeholders.md:9;.repo_studios/docs/automation/scan_monkey_patches.md:9;.repo_studios/docs/automation/seed_standards_prompts.md:9;.repo_studios/docs/automation/validate_import_boundaries.md:9;.repo_studios/docs/automation/validate_inventory.md:5;.repo_studios/docs/automation/validate_markdown_anchors.md:9;.repo_studios/docs/automation/validate_metrics_anchor_stubs.md:12;.repo_studios/docs/automation/verify_docs_integrity.md:7
purpose	19	.repo_studios/docs/automation/analyze_test_hardening.md,.repo_studios/docs/automation/collect_faulthandler_reports.md,.repo_studios/docs/automation/collect_test_log_reports.md,.repo_studios/docs/automation/diff_standards_index.md,.repo_studios/docs/automation/extract_standards_rules.md,.repo_studios/docs/automation/generate_anchor_inventory.md,.repo_studios/docs/automation/generate_dependency_hygiene_report.md,.repo_studios/docs/automation/generate_doc_index.md,.repo_studios/docs/automation/generate_lizard_report.md,.repo_studios/docs/automation/generate_standards_index.md,.repo_studios/docs/automation/generate_test_coverage_inventory.md,.repo_studios/docs/automation/scan_code_placeholders.md,.repo_studios/docs/automation/scan_monkey_patches.md,.repo_studios/docs/automation/seed_standards_prompts.md,.repo_studios/docs/automation/traceability/aggregator_dependency_audit.md,.repo_studios/docs/automation/validate_import_boundaries.md,.repo_studios/docs/automation/validate_markdown_anchors.md,.repo_studios/docs/automation/validate_metrics_anchor_stubs.md,.repo_studios/docs/standards/global/std-global-prompt-engineering.md	.repo_studios/docs/automation/analyze_test_hardening.md:5;.repo_studios/docs/automation/collect_faulthandler_reports.md:5;.repo_studios/docs/automation/collect_test_log_reports.md:5;.repo_studios/docs/automation/diff_standards_index.md:5;.repo_studios/docs/automation/extract_standards_rules.md:5;.repo_studios/docs/automation/generate_anchor_inventory.md:5;.repo_studios/docs/automation/generate_dependency_hygiene_report.md:5;.repo_studios/docs/automation/generate_doc_index.md:5;.repo_studios/docs/automation/generate_lizard_report.md:5;.repo_studios/docs/automation/generate_standards_index.md:5;.repo_studios/docs/automation/generate_test_coverage_inventory.md:5;.repo_studios/docs/automation/scan_code_placeholders.md:5;.repo_studios/docs/automation/scan_monkey_patches.md:5;.repo_studios/docs/automation/seed_standards_prompts.md:5;.repo_studios/docs/automation/traceability/aggregator_dependency_audit.md:3;.repo_studios/docs/automation/validate_import_boundaries.md:5;.repo_studios/docs/automation/validate_markdown_anchors.md:5;.repo_studios/docs/automation/validate_metrics_anchor_stubs.md:5;.repo_studios/docs/standards/global/std-global-prompt-engineering.md:29
outputs	18	.repo_studios/docs/automation/analyze_test_hardening.md,.repo_studios/docs/automation/collect_faulthandler_reports.md,.repo_studios/docs/automation/collect_test_log_reports.md,.repo_studios/docs/automation/diff_standards_index.md,.repo_studios/docs/automation/generate_dependency_hygiene_report.md,.repo_studios/docs/automation/generate_lizard_report.md,.repo_studios/docs/automation/generate_standards_index.md,.repo_studios/docs/automation/generate_test_coverage_inventory.md,.repo_studios/docs/automation/generate_typecheck_report.md,.repo_studios/docs/automation/render_inventory_views.md,.repo_studios/docs/automation/scan_code_placeholders.md,.repo_studios/docs/automation/scan_monkey_patches.md,.repo_studios/docs/automation/seed_standards_prompts.md,.repo_studios/docs/automation/validate_import_boundaries.md,.repo_studios/docs/automation/validate_inventory.md,.repo_studios/docs/automation/validate_markdown_anchors.md,.repo_studios/docs/automation/validate_metrics_anchor_stubs.md,.repo_studios/docs/playbooks/playbook-memory-refresh.md	.repo_studios/docs/automation/analyze_test_hardening.md:30;.repo_studios/docs/automation/collect_faulthandler_reports.md:30;.repo_studios/docs/automation/collect_test_log_reports.md:29;.repo_studios/docs/automation/diff_standards_index.md:38;.repo_studios/docs/automation/generate_dependency_hygiene_report.md:32;.repo_studios/docs/automation/generate_lizard_report.md:37;.repo_studios/docs/automation/generate_standards_index.md:40;.repo_studios/docs/automation/generate_test_coverage_inventory.md:37;.repo_studios/docs/automation/generate_typecheck_report.md:26;.repo_studios/docs/automation/render_inventory_views.md:21;.repo_studios/docs/automation/scan_code_placeholders.md:37;.repo_studios/docs/automation/scan_monkey_patches.md:39;.repo_studios/docs/automation/seed_standards_prompts.md:32;.repo_studios/docs/automation/validate_import_boundaries.md:30;.repo_studios/docs/automation/validate_inventory.md:22;.repo_studios/docs/automation/validate_markdown_anchors.md:29;.repo_studios/docs/automation/validate_metrics_anchor_stubs.md:36;.repo_studios/docs/playbooks/playbook-memory-refresh.md:64
testing	18	.repo_studios/docs/automation/analyze_test_hardening.md,.repo_studios/docs/automation/collect_faulthandler_reports.md,.repo_studios/docs/automation/collect_test_log_reports.md,.repo_studios/docs/automation/diff_standards_index.md,.repo_studios/docs/automation/extract_standards_rules.md,.repo_studios/docs/automation/generate_dependency_hygiene_report.md,.repo_studios/docs/automation/generate_lizard_report.md,.repo_studios/docs/automation/generate_standards_index.md,.repo_studios/docs/automation/generate_test_coverage_inventory.md,.repo_studios/docs/automation/generate_typecheck_report.md,.repo_studios/docs/automation/render_inventory_views.md,.repo_studios/docs/automation/scan_code_placeholders.md,.repo_studios/docs/automation/scan_monkey_patches.md,.repo_studios/docs/automation/seed_standards_prompts.md,.repo_studios/docs/automation/validate_import_boundaries.md,.repo_studios/docs/automation/validate_inventory.md,.repo_studios/docs/automation/validate_markdown_anchors.md,.repo_studios/docs/automation/validate_metrics_anchor_stubs.md	.repo_studios/docs/automation/analyze_test_hardening.md:53;.repo_studios/docs/automation/collect_faulthandler_reports.md:54;.repo_studios/docs/automation/collect_test_log_reports.md:56;.repo_studios/docs/automation/diff_standards_index.md:58;.repo_studios/docs/automation/extract_standards_rules.md:86;.repo_studios/docs/automation/generate_dependency_hygiene_report.md:64;.repo_studios/docs/automation/generate_lizard_report.md:70;.repo_studios/docs/automation/generate_standards_index.md:72;.repo_studios/docs/automation/generate_test_coverage_inventory.md:59;.repo_studios/docs/automation/generate_typecheck_report.md:47;.repo_studios/docs/automation/render_inventory_views.md:45;.repo_studios/docs/automation/scan_code_placeholders.md:77;.repo_studios/docs/automation/scan_monkey_patches.md:77;.repo_studios/docs/automation/seed_standards_prompts.md:59;.repo_studios/docs/automation/validate_import_boundaries.md:55;.repo_studios/docs/automation/validate_inventory.md:46;.repo_studios/docs/automation/validate_markdown_anchors.md:47;.repo_studios/docs/automation/validate_metrics_anchor_stubs.md:64
operational-notes	15	.repo_studios/docs/automation/analyze_test_hardening.md,.repo_studios/docs/automation/collect_faulthandler_reports.md,.repo_studios/docs/automation/collect_test_log_reports.md,.repo_studios/docs/automation/diff_standards_index.md,.repo_studios/docs/automation/generate_dependency_hygiene_report.md,.repo_studios/docs/automation/generate_lizard_report.md,.repo_studios/docs/automation/generate_standards_index.md,.repo_studios/docs/automation/generate_test_coverage_inventory.md,.repo_studios/docs/automation/scan_code_placeholders.md,.repo_studios/docs/automation/scan_monkey_patches.md,.repo_studios/docs/automation/seed_standards_prompts.md,.repo_studios/docs/automation/validate_import_boundaries.md,.repo_studios/docs/automation/validate_markdown_anchors.md,.repo_studios/docs/automation/validate_metrics_anchor_stubs.md,.repo_studios/docs/directory_layout.md	.repo_studios/docs/automation/analyze_test_hardening.md:59;.repo_studios/docs/automation/collect_faulthandler_reports.md:60;.repo_studios/docs/automation/collect_test_log_reports.md:62;.repo_studios/docs/automation/diff_standards_index.md:62;.repo_studios/docs/automation/generate_dependency_hygiene_report.md:69;.repo_studios/docs/automation/generate_lizard_report.md:75;.repo_studios/docs/automation/generate_standards_index.md:77;.repo_studios/docs/automation/generate_test_coverage_inventory.md:64;.repo_studios/docs/automation/scan_code_placeholders.md:83;.repo_studios/docs/automation/scan_monkey_patches.md:83;.repo_studios/docs/automation/seed_standards_prompts.md:65;.repo_studios/docs/automation/validate_import_boundaries.md:61;.repo_studios/docs/automation/validate_markdown_anchors.md:55;.repo_studios/docs/automation/validate_metrics_anchor_stubs.md:71;.repo_studios/docs/directory_layout.md:25
agent-block-machine-readable	10	.repo_studios/docs/playbooks/playbook-agent-operations.md,.repo_studios/docs/playbooks/playbook-memory-refresh.md,.repo_studios/docs/playbooks/playbook-migration.md,.repo_studios/docs/playbooks/playbook-prompt-library.md,.repo_studios/docs/standards/global/std-global-html-coding.md,.repo_studios/docs/standards/global/std-global-markdown-authoring.md,.repo_studios/docs/standards/global/std-global-monkey-patching.md,.repo_studios/docs/standards/global/std-global-prompt-engineering.md,.repo_studios/docs/standards/global/std-global-python-engineering.md,.repo_studios/docs/standards/project/std-project-operating-standard.md	.repo_studios/docs/playbooks/playbook-agent-operations.md:96;.repo_studios/docs/playbooks/playbook-memory-refresh.md:113;.repo_studios/docs/playbooks/playbook-migration.md:76;.repo_studios/docs/playbooks/playbook-prompt-library.md:74;.repo_studios/docs/standards/global/std-global-html-coding.md:126;.repo_studios/docs/standards/global/std-global-markdown-authoring.md:152;.repo_studios/docs/standards/global/std-global-monkey-patching.md:178;.repo_studios/docs/standards/global/std-global-prompt-engineering.md:143;.repo_studios/docs/standards/global/std-global-python-engineering.md:280;.repo_studios/docs/standards/project/std-project-operating-standard.md:132
diagnostics	7	.repo_studios/docs/automation/collect_faulthandler_reports.md,.repo_studios/docs/automation/collect_test_log_reports.md,.repo_studios/docs/automation/scan_code_placeholders.md,.repo_studios/docs/automation/scan_monkey_patches.md,.repo_studios/docs/automation/seed_standards_prompts.md,.repo_studios/docs/automation/validate_import_boundaries.md,.repo_studios/docs/automation/validate_metrics_anchor_stubs.md	.repo_studios/docs/automation/collect_faulthandler_reports.md:42;.repo_studios/docs/automation/collect_test_log_reports.md:42;.repo_studios/docs/automation/scan_code_placeholders.md:57;.repo_studios/docs/automation/scan_monkey_patches.md:69;.repo_studios/docs/automation/seed_standards_prompts.md:52;.repo_studios/docs/automation/validate_import_boundaries.md:48;.repo_studios/docs/automation/validate_metrics_anchor_stubs.md:56
status-semantics	6	.repo_studios/docs/automation/diff_standards_index.md,.repo_studios/docs/automation/generate_dependency_hygiene_report.md,.repo_studios/docs/automation/generate_lizard_report.md,.repo_studios/docs/automation/generate_standards_index.md,.repo_studios/docs/automation/generate_test_coverage_inventory.md,.repo_studios/docs/automation/validate_markdown_anchors.md	.repo_studios/docs/automation/diff_standards_index.md:50;.repo_studios/docs/automation/generate_dependency_hygiene_report.md:51;.repo_studios/docs/automation/generate_lizard_report.md:63;.repo_studios/docs/automation/generate_standards_index.md:66;.repo_studios/docs/automation/generate_test_coverage_inventory.md:51;.repo_studios/docs/automation/validate_markdown_anchors.md:38
anchor-health-reminder	4	.repo_studios/docs/standards/global/std-global-monkey-patching.md,.repo_studios/docs/standards/global/std-global-prompt-engineering.md,.repo_studios/docs/standards/global/std-global-python-engineering.md,.repo_studios/docs/standards/project/std-project-operating-standard.md	.repo_studios/docs/standards/global/std-global-monkey-patching.md:172;.repo_studios/docs/standards/global/std-global-prompt-engineering.md:137;.repo_studios/docs/standards/global/std-global-python-engineering.md:274;.repo_studios/docs/standards/project/std-project-operating-standard.md:126
references	4	.repo_studios/docs/automation/refactor_library_integration_notes.md,.repo_studios/docs/standards/global/std-global-html-coding.md,.repo_studios/docs/standards/global/std-global-monkey-patching.md,.repo_studios/docs/standards/global/std-global-prompt-engineering.md	.repo_studios/docs/automation/refactor_library_integration_notes.md:92;.repo_studios/docs/standards/global/std-global-html-coding.md:120;.repo_studios/docs/standards/global/std-global-monkey-patching.md:164;.repo_studios/docs/standards/global/std-global-prompt-engineering.md:129
anchor-health-cross-link	3	.repo_studios/docs/standards/global/std-global-chainlit-ui.md,.repo_studios/docs/standards/global/std-global-code-cleanup.md,.repo_studios/docs/standards/global/std-global-html-coding.md	.repo_studios/docs/standards/global/std-global-chainlit-ui.md:197;.repo_studios/docs/standards/global/std-global-code-cleanup.md:133;.repo_studios/docs/standards/global/std-global-html-coding.md:156
anti-patterns-to-avoid	3	.repo_studios/docs/standards/global/std-global-html-coding.md,.repo_studios/docs/standards/global/std-global-markdown-authoring.md,.repo_studios/docs/standards/global/std-global-python-engineering.md	.repo_studios/docs/standards/global/std-global-html-coding.md:88;.repo_studios/docs/standards/global/std-global-markdown-authoring.md:89;.repo_studios/docs/standards/global/std-global-python-engineering.md:256
current-state	3	.repo_studios/docs/automation/traceability/analyze_monkey_patch_trends_modernization_plan.md,.repo_studios/docs/automation/traceability/generate_churn_complexity_heatmap_modernization_plan.md,.repo_studios/docs/automation/traceability/run_batch_cleanup_modernization_plan.md	.repo_studios/docs/automation/traceability/analyze_monkey_patch_trends_modernization_plan.md:9;.repo_studios/docs/automation/traceability/generate_churn_complexity_heatmap_modernization_plan.md:7;.repo_studios/docs/automation/traceability/run_batch_cleanup_modernization_plan.md:14
implementation-steps	3	.repo_studios/docs/automation/traceability/analyze_monkey_patch_trends_modernization_plan.md,.repo_studios/docs/automation/traceability/generate_churn_complexity_heatmap_modernization_plan.md,.repo_studios/docs/automation/traceability/run_batch_cleanup_modernization_plan.md	.repo_studios/docs/automation/traceability/analyze_monkey_patch_trends_modernization_plan.md:27;.repo_studios/docs/automation/traceability/generate_churn_complexity_heatmap_modernization_plan.md:26;.repo_studios/docs/automation/traceability/run_batch_cleanup_modernization_plan.md:40
objective	3	.repo_studios/docs/automation/traceability/analyze_monkey_patch_trends_modernization_plan.md,.repo_studios/docs/automation/traceability/generate_churn_complexity_heatmap_modernization_plan.md,.repo_studios/docs/automation/traceability/run_batch_cleanup_modernization_plan.md	.repo_studios/docs/automation/traceability/analyze_monkey_patch_trends_modernization_plan.md:5;.repo_studios/docs/automation/traceability/generate_churn_complexity_heatmap_modernization_plan.md:3;.repo_studios/docs/automation/traceability/run_batch_cleanup_modernization_plan.md:10
open-questions	3	.repo_studios/docs/automation/traceability/analyze_monkey_patch_trends_modernization_plan.md,.repo_studios/docs/automation/traceability/generate_churn_complexity_heatmap_modernization_plan.md,.repo_studios/docs/automation/traceability/run_batch_cleanup_modernization_plan.md	.repo_studios/docs/automation/traceability/analyze_monkey_patch_trends_modernization_plan.md:76;.repo_studios/docs/automation/traceability/generate_churn_complexity_heatmap_modernization_plan.md:74;.repo_studios/docs/automation/traceability/run_batch_cleanup_modernization_plan.md:76
quick-checklists	3	.repo_studios/docs/standards/global/std-global-html-coding.md,.repo_studios/docs/standards/global/std-global-monkey-patching.md,.repo_studios/docs/standards/global/std-global-prompt-engineering.md	.repo_studios/docs/standards/global/std-global-html-coding.md:104;.repo_studios/docs/standards/global/std-global-monkey-patching.md:146;.repo_studios/docs/standards/global/std-global-prompt-engineering.md:101
target-architecture	3	.repo_studios/docs/automation/traceability/analyze_monkey_patch_trends_modernization_plan.md,.repo_studios/docs/automation/traceability/generate_churn_complexity_heatmap_modernization_plan.md,.repo_studios/docs/automation/traceability/run_batch_cleanup_modernization_plan.md	.repo_studios/docs/automation/traceability/analyze_monkey_patch_trends_modernization_plan.md:16;.repo_studios/docs/automation/traceability/generate_churn_complexity_heatmap_modernization_plan.md:15;.repo_studios/docs/automation/traceability/run_batch_cleanup_modernization_plan.md:27
acceptance-criteria	2	.repo_studios/docs/automation/traceability/analyze_monkey_patch_trends_modernization_plan.md,.repo_studios/docs/automation/traceability/run_batch_cleanup_modernization_plan.md	.repo_studios/docs/automation/traceability/analyze_monkey_patch_trends_modernization_plan.md:68;.repo_studios/docs/automation/traceability/run_batch_cleanup_modernization_plan.md:68
anti-patterns	2	.repo_studios/docs/standards/global/std-global-monkey-patching.md,.repo_studios/docs/standards/global/std-global-prompt-engineering.md	.repo_studios/docs/standards/global/std-global-monkey-patching.md:137;.repo_studios/docs/standards/global/std-global-prompt-engineering.md:119
authoring-guidelines	2	.repo_studios/docs/standards/global/README.md,.repo_studios/docs/standards/project/README.md	.repo_studios/docs/standards/global/README.md:22;.repo_studios/docs/standards/project/README.md:25
change-history	2	.repo_studios/docs/standards/global/std-global-html-coding.md,.repo_studios/docs/standards/global/std-global-prompt-engineering.md	.repo_studios/docs/standards/global/std-global-html-coding.md:151;.repo_studios/docs/standards/global/std-global-prompt-engineering.md:185
cli-reference	2	.repo_studios/docs/automation/generate_anchor_inventory.md,.repo_studios/docs/automation/generate_doc_index.md	.repo_studios/docs/automation/generate_anchor_inventory.md:66;.repo_studios/docs/automation/generate_doc_index.md:71
data-shape	2	.repo_studios/docs/automation/generate_anchor_inventory.md,.repo_studios/docs/automation/generate_doc_index.md	.repo_studios/docs/automation/generate_anchor_inventory.md:34;.repo_studios/docs/automation/generate_doc_index.md:34
decisions-captured	2	.repo_studios/docs/automation/function_inventory_integration_plan.md,.repo_studios/docs/templates/integration_alignment_template.md	.repo_studios/docs/automation/function_inventory_integration_plan.md:128;.repo_studios/docs/templates/integration_alignment_template.md:97
dependencies-coordination	2	.repo_studios/docs/automation/traceability/analyze_monkey_patch_trends_modernization_plan.md,.repo_studios/docs/automation/traceability/run_batch_cleanup_modernization_plan.md	.repo_studios/docs/automation/traceability/analyze_monkey_patch_trends_modernization_plan.md:62;.repo_studios/docs/automation/traceability/run_batch_cleanup_modernization_plan.md:62
future-enhancements	2	.repo_studios/docs/automation/function_analysis_guide.md,.repo_studios/docs/automation/standards-extraction-spec.md	.repo_studios/docs/automation/function_analysis_guide.md:91;.repo_studios/docs/automation/standards-extraction-spec.md:167
goals	2	.repo_studios/docs/automation/ci_metrics_checks.md,.repo_studios/docs/automation/standards-extraction-spec.md	.repo_studios/docs/automation/ci_metrics_checks.md:7;.repo_studios/docs/automation/standards-extraction-spec.md:27
implementation-summary	2	.repo_studios/docs/automation/generate_anchor_inventory.md,.repo_studios/docs/automation/generate_doc_index.md	.repo_studios/docs/automation/generate_anchor_inventory.md:80;.repo_studios/docs/automation/generate_doc_index.md:84
integration-notes	2	.repo_studios/docs/automation/extract_standards_rules.md,.repo_studios/docs/automation/verify_docs_integrity.md	.repo_studios/docs/automation/extract_standards_rules.md:92;.repo_studios/docs/automation/verify_docs_integrity.md:54
migration-notes	2	.repo_studios/docs/standards/global/README.md,.repo_studios/docs/standards/project/README.md	.repo_studios/docs/standards/global/README.md:28;.repo_studios/docs/standards/project/README.md:31
next-actions	2	.repo_studios/docs/automation/ci_metrics_checks.md,.repo_studios/docs/automation/traceability/aggregator_dependency_audit.md	.repo_studios/docs/automation/ci_metrics_checks.md:43;.repo_studios/docs/automation/traceability/aggregator_dependency_audit.md:28
notes-for-ai-consumers	2	.repo_studios/docs/automation/generate_anchor_inventory.md,.repo_studios/docs/automation/generate_doc_index.md	.repo_studios/docs/automation/generate_anchor_inventory.md:96;.repo_studios/docs/automation/generate_doc_index.md:101
output-contract	2	.repo_studios/docs/automation/generate_anchor_inventory.md,.repo_studios/docs/automation/generate_doc_index.md	.repo_studios/docs/automation/generate_anchor_inventory.md:12;.repo_studios/docs/automation/generate_doc_index.md:14
outstanding-considerations	2	.repo_studios/docs/automation/function_inventory_integration_plan.md,.repo_studios/docs/templates/integration_alignment_template.md	.repo_studios/docs/automation/function_inventory_integration_plan.md:141;.repo_studios/docs/templates/integration_alignment_template.md:106
phase-1-foundation-inventory	2	.repo_studios/docs/repo_studios_build_plan.md,.repo_studios/docs/templates/structural_checklist_template.md	.repo_studios/docs/repo_studios_build_plan.md:19;.repo_studios/docs/templates/structural_checklist_template.md:10
phase-2-migration-normalization	2	.repo_studios/docs/repo_studios_build_plan.md,.repo_studios/docs/templates/structural_checklist_template.md	.repo_studios/docs/repo_studios_build_plan.md:35;.repo_studios/docs/templates/structural_checklist_template.md:16
phase-3-automation-quality-gates	2	.repo_studios/docs/repo_studios_build_plan.md,.repo_studios/docs/templates/structural_checklist_template.md	.repo_studios/docs/repo_studios_build_plan.md:49;.repo_studios/docs/templates/structural_checklist_template.md:21
script-inventory-template	2	.repo_studios/docs/templates/script_inventory.md,.repo_studios/docs/templates/script_inventory_template.md	.repo_studios/docs/templates/script_inventory.md:1;.repo_studios/docs/templates/script_inventory_template.md:1
self-improvement-protocol	2	.repo_studios/docs/standards/global/std-global-code-cleanup.md,.repo_studios/docs/standards/global/std-global-html-coding.md	.repo_studios/docs/standards/global/std-global-code-cleanup.md:72;.repo_studios/docs/standards/global/std-global-html-coding.md:97
success-criteria	2	.repo_studios/docs/playbooks/playbook-memory-refresh.md,.repo_studios/docs/standards/global/std-global-mission-parameters.md	.repo_studios/docs/playbooks/playbook-memory-refresh.md:72;.repo_studios/docs/standards/global/std-global-mission-parameters.md:103
